dim,gap_mHa,E_var,schema,selector_mode,en2_score_mode,proposal_mode,max_excitation_rank,max_global_select_rank,max_rank_fraction,pauli_candidate_limit,path,n_terms,active_rotation_tag,prev_dim,prev_gap,add,gain_mHa,gain_per_1k,experiment
2319,100.77268776194614,-2086.5500606163027,cr2_v1433_cas12_adaptive_topparent_hybrid,en2_topk,clipped_abs,hybrid,8.0,8.0,,,v213/results/cr2_12_12_v213_selected_turbo_20260510_170922/main_no_cas12_turbo_to15000/step000_phase0_micro250_r8_to2376/cr2_v1425_final_step000_phase0_micro250_r8_to2376.json,29717.0,active_rotation:c65788197e7dc63e,,,,,,v21.3 turbo initial to 15k
2376,61.41810801136671,-2086.5894151960533,cr2_v1433_cas12_adaptive_topparent_hybrid,en2_topk,clipped_abs,hybrid,9.0,9.0,,,v213/results/cr2_12_12_v213_selected_turbo_20260510_170922/main_no_cas12_turbo_to15000/step001_phase0_micro250_r9_to2376/cr2_v1425_final_step001_phase0_micro250_r9_to2376.json,29717.0,active_rotation:c65788197e7dc63e,2319.0,100.77268776194614,57.0,39.35457975057943,690.431223694376,v21.3 turbo initial to 15k
3376,23.12837500403475,-2086.6277049290607,cr2_v1433_cas12_adaptive_topparent_hybrid,en2_topk,clipped_abs,hybrid,9.0,9.0,,,v213/results/cr2_12_12_v213_selected_turbo_20260510_170922/main_no_cas12_turbo_to15000/step002_phase1_early250_r9_to3376/cr2_v1425_final_step002_phase1_early250_r9_to3376.json,29717.0,active_rotation:c65788197e7dc63e,2376.0,61.41810801136671,1000.0,38.28973300733196,38.28973300733196,v21.3 turbo initial to 15k
4376,13.616436475331284,-2086.6372168675894,cr2_v1433_cas12_adaptive_topparent_hybrid,en2_topk,clipped_abs,hybrid,9.0,9.0,,,v213/results/cr2_12_12_v213_selected_turbo_20260510_170922/main_no_cas12_turbo_to15000/step003_phase1_early250_r9_to4376/cr2_v1425_final_step003_phase1_early250_r9_to4376.json,29717.0,active_rotation:c65788197e7dc63e,3376.0,23.12837500403475,1000.0,9.511938528703467,9.511938528703467,v21.3 turbo initial to 15k
5376,10.178057271787111,-2086.640655246793,cr2_v1433_cas12_adaptive_topparent_hybrid,en2_topk,clipped_abs,hybrid,9.0,9.0,,,v213/results/cr2_12_12_v213_selected_turbo_20260510_170922/main_no_cas12_turbo_to15000/step004_phase1_early250_r9_to5376/cr2_v1425_final_step004_phase1_early250_r9_to5376.json,29717.0,active_rotation:c65788197e7dc63e,4376.0,13.616436475331284,1000.0,3.438379203544173,3.438379203544173,v21.3 turbo initial to 15k
5626,9.415079120572045,-2086.641418224944,cr2_v1433_cas12_adaptive_topparent_hybrid,en2_topk,clipped_abs,hybrid,9.0,9.0,,,v213/results/cr2_12_12_v213_selected_turbo_20260510_170922/main_no_cas12_turbo_to15000/step005_phase1_early250_r9_to5626/cr2_v1425_final_step005_phase1_early250_r9_to5626.json,29717.0,active_rotation:c65788197e7dc63e,5376.0,10.178057271787111,250.0,0.7629781512150657,3.051912604860263,v21.3 turbo initial to 15k
6626,7.921844267002598,-2086.6429114597977,cr2_v1433_cas12_adaptive_topparent_hybrid,en2_topk,clipped_abs,hybrid,9.0,9.0,,,v213/results/cr2_12_12_v213_selected_turbo_20260510_170922/main_no_cas12_turbo_to15000/step006_phase2_mid500_r9_to6626/cr2_v1425_final_step006_phase2_mid500_r9_to6626.json,29717.0,active_rotation:c65788197e7dc63e,5626.0,9.415079120572045,1000.0,1.4932348535694473,1.4932348535694473,v21.3 turbo initial to 15k
7626,6.949471498046478,-2086.6438838325666,cr2_v1433_cas12_adaptive_topparent_hybrid,en2_topk,clipped_abs,hybrid,9.0,9.0,,,v213/results/cr2_12_12_v213_selected_turbo_20260510_170922/main_no_cas12_turbo_to15000/step007_phase2_mid500_r9_to7626/cr2_v1425_final_step007_phase2_mid500_r9_to7626.json,29717.0,active_rotation:c65788197e7dc63e,6626.0,7.921844267002598,1000.0,0.9723727689561201,0.9723727689561201,v21.3 turbo initial to 15k
8626,6.265054708819662,-2086.644568249356,cr2_v1433_cas12_adaptive_topparent_hybrid,en2_topk,clipped_abs,hybrid,9.0,9.0,,,v213/results/cr2_12_12_v213_selected_turbo_20260510_170922/main_no_cas12_turbo_to15000/step008_phase2_mid500_r9_to8626/cr2_v1425_final_step008_phase2_mid500_r9_to8626.json,29717.0,active_rotation:c65788197e7dc63e,7626.0,6.949471498046478,1000.0,0.684416789226816,0.684416789226816,v21.3 turbo initial to 15k
9126,3.359414024544094,-2086.64747389004,cr2_v1433_cas12_adaptive_topparent_hybrid,en2_topk,clipped_abs,hybrid,10.0,10.0,,,v213/results/cr2_12_12_v213_selected_turbo_20260510_170922/main_no_cas12_turbo_to15000/step009_phase2_mid500_r10_to9126/cr2_v1425_final_step009_phase2_mid500_r10_to9126.json,29717.0,active_rotation:c65788197e7dc63e,8626.0,6.265054708819662,500.0,2.9056406842755678,5.8112813685511355,v21.3 turbo initial to 15k
10126,2.878113401493465,-2086.647955190663,cr2_v1433_cas12_adaptive_topparent_hybrid,en2_topk,clipped_abs,hybrid,10.0,10.0,,,v213/results/cr2_12_12_v213_selected_turbo_20260510_170922/main_no_cas12_turbo_to15000/step010_phase3_late250_r10_to10126/cr2_v1425_final_step010_phase3_late250_r10_to10126.json,29717.0,active_rotation:c65788197e7dc63e,9126.0,3.359414024544094,1000.0,0.48130062305062893,0.48130062305062893,v21.3 turbo initial to 15k
11126,2.500091280126071,-2086.6483332127846,cr2_v1433_cas12_adaptive_topparent_hybrid,en2_topk,clipped_abs,hybrid,10.0,10.0,,,v213/results/cr2_12_12_v213_selected_turbo_20260510_170922/main_no_cas12_turbo_to15000/step011_phase3_late250_r10_to11126/cr2_v1425_final_step011_phase3_late250_r10_to11126.json,29717.0,active_rotation:c65788197e7dc63e,10126.0,2.878113401493465,1000.0,0.378022121367394,0.378022121367394,v21.3 turbo initial to 15k
12126,2.2107054173829965,-2086.6486225986473,cr2_v1433_cas12_adaptive_topparent_hybrid,en2_topk,clipped_abs,hybrid,10.0,10.0,,,v213/results/cr2_12_12_v213_selected_turbo_20260510_170922/main_no_cas12_turbo_to15000/step012_phase3_late250_r10_to12126/cr2_v1425_final_step012_phase3_late250_r10_to12126.json,29717.0,active_rotation:c65788197e7dc63e,11126.0,2.500091280126071,1000.0,0.28938586274307454,0.28938586274307454,v21.3 turbo initial to 15k
12626,2.0830612152167305,-2086.6487502428495,cr2_v1433_cas12_adaptive_topparent_hybrid,en2_topk,clipped_abs,hybrid,10.0,10.0,,,v213/results/cr2_12_12_v213_selected_turbo_20260510_170922/main_no_cas12_turbo_to15000/step013_phase3_late250_r10_to12626/cr2_v1425_final_step013_phase3_late250_r10_to12626.json,29717.0,active_rotation:c65788197e7dc63e,12126.0,2.2107054173829965,500.0,0.12764420216626604,0.2552884043325321,v21.3 turbo initial to 15k
13126,1.976730111437064,-2086.6488565739533,cr2_v1433_cas12_adaptive_topparent_hybrid,en2_topk,clipped_abs,hybrid,10.0,10.0,,,v213/results/cr2_12_12_v213_selected_turbo_20260510_170922/main_no_cas12_turbo_to15000/step014_phase3_late250_r10_to13126/cr2_v1425_final_step014_phase3_late250_r10_to13126.json,29717.0,active_rotation:c65788197e7dc63e,12626.0,2.0830612152167305,500.0,0.10633110377966659,0.21266220755933318,v21.3 turbo initial to 15k
13626,1.8791095826600213,-2086.648954194482,cr2_v1433_cas12_adaptive_topparent_hybrid,en2_topk,clipped_abs,hybrid,10.0,10.0,,,v213/results/cr2_12_12_v213_selected_turbo_20260510_170922/main_no_cas12_turbo_to15000/step015_phase3_late250_r10_to13626/cr2_v1425_final_step015_phase3_late250_r10_to13626.json,29717.0,active_rotation:c65788197e7dc63e,13126.0,1.976730111437064,500.0,0.09762052877704264,0.19524105755408527,v21.3 turbo initial to 15k
14126,1.7883471878121782,-2086.649044956877,cr2_v1433_cas12_adaptive_topparent_hybrid,en2_topk,clipped_abs,hybrid,10.0,10.0,,,v213/results/cr2_12_12_v213_selected_turbo_20260510_170922/main_no_cas12_turbo_to15000/step016_phase3_late250_r10_to14126/cr2_v1425_final_step016_phase3_late250_r10_to14126.json,29717.0,active_rotation:c65788197e7dc63e,13626.0,1.8791095826600213,500.0,0.0907623948478431,0.1815247896956862,v21.3 turbo initial to 15k
14626,1.7030524918482115,-2086.649130251573,cr2_v1433_cas12_adaptive_topparent_hybrid,en2_topk,clipped_abs,hybrid,10.0,10.0,,,v213/results/cr2_12_12_v213_selected_turbo_20260510_170922/main_no_cas12_turbo_to15000/step017_phase3_late250_r10_to14626/cr2_v1425_final_step017_phase3_late250_r10_to14626.json,29717.0,active_rotation:c65788197e7dc63e,14126.0,1.7883471878121782,500.0,0.08529469596396666,0.17058939192793332,v21.3 turbo initial to 15k
15000,1.6428057597295265,-2086.649190498305,cr2_v1433_cas12_adaptive_topparent_hybrid,en2_topk,clipped_abs,hybrid,10.0,10.0,,,v213/results/cr2_12_12_v213_selected_turbo_20260510_170922/main_no_cas12_turbo_to15000/step018_phase3_late250_r10_to15000/cr2_v1425_final_step018_phase3_late250_r10_to15000.json,29717.0,active_rotation:c65788197e7dc63e,14626.0,1.7030524918482115,374.0,0.06024673211868503,0.1610875190339172,v21.3 turbo initial to 15k
15500,1.5664051438761817,-2086.649266898921,cr2_v1433_cas12_adaptive_topparent_hybrid,en2_topk,clipped_abs,hybrid,10.0,10.0,,,v213/results/cr2_12_12_v213_restart_15000_to20000_20260512_111531/step019_restart_r10_to15500/cr2_v1425_final_step019_restart_r10_to15500.json,29717.0,active_rotation:c65788197e7dc63e,,,,,,v21.3 restart 15k->20k
16000,1.496974268775375,-2086.649336329796,cr2_v1433_cas12_adaptive_topparent_hybrid,en2_topk,clipped_abs,hybrid,10.0,10.0,,,v213/results/cr2_12_12_v213_restart_15000_to20000_20260512_111531/step020_restart_r10_to16000/cr2_v1425_final_step020_restart_r10_to16000.json,29717.0,active_rotation:c65788197e7dc63e,15500.0,1.5664051438761817,500.0,0.06943087510080659,0.13886175020161318,v21.3 restart 15k->20k
16500,1.4338417240651324,-2086.6493994623406,cr2_v1433_cas12_adaptive_topparent_hybrid,en2_topk,clipped_abs,hybrid,10.0,10.0,,,v213/results/cr2_12_12_v213_restart_15000_to20000_20260512_111531/step021_restart_r10_to16500/cr2_v1425_final_step021_restart_r10_to16500.json,29717.0,active_rotation:c65788197e7dc63e,16000.0,1.496974268775375,500.0,0.06313254471024266,0.1262650894204853,v21.3 restart 15k->20k
17000,1.3757266756329045,-2086.649457577389,cr2_v1433_cas12_adaptive_topparent_hybrid,en2_topk,clipped_abs,hybrid,10.0,10.0,,,v213/results/cr2_12_12_v213_restart_15000_to20000_20260512_111531/step022_restart_r10_to17000/cr2_v1425_final_step022_restart_r10_to17000.json,29717.0,active_rotation:c65788197e7dc63e,16500.0,1.4338417240651324,500.0,0.05811504843222792,0.11623009686445585,v21.3 restart 15k->20k
17500,1.3223999803813058,-2086.6495109040843,cr2_v1433_cas12_adaptive_topparent_hybrid,en2_topk,clipped_abs,hybrid,10.0,10.0,,,v213/results/cr2_12_12_v213_restart_15000_to20000_20260512_111531/step023_restart_r10_to17500/cr2_v1425_final_step023_restart_r10_to17500.json,29717.0,active_rotation:c65788197e7dc63e,17000.0,1.3757266756329045,500.0,0.05332669525159872,0.10665339050319744,v21.3 restart 15k->20k
18000,1.2720924360110075,-2086.6495612116287,cr2_v1433_cas12_adaptive_topparent_hybrid,en2_topk,clipped_abs,hybrid,10.0,10.0,,,v213/results/cr2_12_12_v213_restart_15000_to20000_20260512_111531/step024_restart_r10_to18000/cr2_v1425_final_step024_restart_r10_to18000.json,29717.0,active_rotation:c65788197e7dc63e,17500.0,1.3223999803813058,500.0,0.050307544370298274,0.10061508874059655,v21.3 restart 15k->20k
18500,1.2259137579349044,-2086.6496073903068,cr2_v1433_cas12_adaptive_topparent_hybrid,en2_topk,clipped_abs,hybrid,10.0,10.0,,,v213/results/cr2_12_12_v213_restart_15000_to20000_20260512_111531/step025_restart_r10_to18500/cr2_v1425_final_step025_restart_r10_to18500.json,29717.0,active_rotation:c65788197e7dc63e,18000.0,1.2720924360110075,500.0,0.0461786780761031,0.0923573561522062,v21.3 restart 15k->20k
19000,1.1823956288026238,-2086.649650908436,cr2_v1433_cas12_adaptive_topparent_hybrid,en2_topk,clipped_abs,hybrid,10.0,10.0,,,v213/results/cr2_12_12_v213_restart_15000_to20000_20260512_111531/step026_restart_r10_to19000/cr2_v1425_final_step026_restart_r10_to19000.json,29717.0,active_rotation:c65788197e7dc63e,18500.0,1.2259137579349044,500.0,0.04351812913228059,0.08703625826456118,v21.3 restart 15k->20k
19500,1.1409910903239506,-2086.6496923129744,cr2_v1433_cas12_adaptive_topparent_hybrid,en2_topk,clipped_abs,hybrid,10.0,10.0,,,v213/results/cr2_12_12_v213_restart_15000_to20000_20260512_111531/step027_restart_r10_to19500/cr2_v1425_final_step027_restart_r10_to19500.json,29717.0,active_rotation:c65788197e7dc63e,19000.0,1.1823956288026238,500.0,0.0414045384786732,0.0828090769573464,v21.3 restart 15k->20k
20000,1.1022657854482532,-2086.6497310382792,cr2_v1433_cas12_adaptive_topparent_hybrid,en2_topk,clipped_abs,hybrid,10.0,10.0,,,v213/results/cr2_12_12_v213_restart_15000_to20000_20260512_111531/step028_restart_r10_to20000/cr2_v1425_final_step028_restart_r10_to20000.json,29717.0,active_rotation:c65788197e7dc63e,19500.0,1.1409910903239506,500.0,0.038725304875697475,0.07745060975139495,v21.3 restart 15k->20k
18500,1.2269989679225546,-2086.6496063050968,cr2_v1433_cas12_adaptive_topparent_hybrid,en2_topk,hybrid,hybrid,10.0,10.0,,,v214_archive/cr2_v214b_from_v213_18000_to_submha/seg012_to26000/step000_phase0_micro250_r10_to18500/cr2_v1425_final_step000_phase0_micro250_r10_to18500.json,29717.0,active_rotation:c65788197e7dc63e,,,,,,v21.4b from v21.3 18k
18600,1.218731211793056,-2086.649614572853,cr2_v1433_cas12_adaptive_topparent_hybrid,en2_diversity,coupling_abs,hybrid,10.0,10.0,,,v214_archive/cr2_v214b_from_v213_18000_to_submha/seg012_to26000/step001_phase0_micro250_r10_to18600/cr2_v1425_final_step001_phase0_micro250_r10_to18600.json,29717.0,active_rotation:c65788197e7dc63e,18500.0,1.2269989679225546,100.0,0.008267756129498594,0.08267756129498594,v21.4b from v21.3 18k
18700,1.2106942631362472,-2086.6496226098016,cr2_v1433_cas12_adaptive_topparent_hybrid,en2_diversity,coupling_abs,hybrid,10.0,10.0,,,v214_archive/cr2_v214b_from_v213_18000_to_submha/seg012_to26000/step002_phase0_micro250_r10_to18700/cr2_v1425_final_step002_phase0_micro250_r10_to18700.json,29717.0,active_rotation:c65788197e7dc63e,18600.0,1.218731211793056,100.0,0.008036948656808818,0.08036948656808818,v21.4b from v21.3 18k
18800,1.2029611370962812,-2086.6496303429276,cr2_v1433_cas12_adaptive_topparent_hybrid,en2_diversity,coupling_abs,hybrid,10.0,10.0,,,v214_archive/cr2_v214b_from_v213_18000_to_submha/seg012_to26000/step003_phase0_micro250_r10_to18800/cr2_v1425_final_step003_phase0_micro250_r10_to18800.json,29717.0,active_rotation:c65788197e7dc63e,18700.0,1.2106942631362472,100.0,0.0077331260399660096,0.0773312603996601,v21.4b from v21.3 18k
18900,1.1950468406212167,-2086.649638257224,cr2_v1433_cas12_adaptive_topparent_hybrid,en2_diversity,coupling_abs,hybrid,10.0,10.0,,,v214_archive/cr2_v214b_from_v213_18000_to_submha/seg012_to26000/step004_phase0_micro250_r10_to18900/cr2_v1425_final_step004_phase0_micro250_r10_to18900.json,29717.0,active_rotation:c65788197e7dc63e,18800.0,1.2029611370962812,100.0,0.007914296475064475,0.07914296475064475,v21.4b from v21.3 18k
19000,1.1867055200127652,-2086.6496465985447,cr2_v1433_cas12_adaptive_topparent_hybrid,en2_diversity,coupling_abs,hybrid,10.0,10.0,,,v214_archive/cr2_v214b_from_v213_18000_to_submha/seg012_to26000/step005_phase0_micro250_r10_to19000/cr2_v1425_final_step005_phase0_micro250_r10_to19000.json,29717.0,active_rotation:c65788197e7dc63e,18900.0,1.1950468406212167,100.0,0.008341320608451497,0.08341320608451497,v21.4b from v21.3 18k
19100,1.179136352675414,-2086.649654167712,cr2_v1433_cas12_adaptive_topparent_hybrid,en2_diversity,coupling_abs,hybrid,10.0,10.0,,,v214_archive/cr2_v214b_from_v213_18000_to_submha/seg012_to26000/step006_phase0_micro250_r10_to19100/cr2_v1425_final_step006_phase0_micro250_r10_to19100.json,29717.0,active_rotation:c65788197e7dc63e,19000.0,1.1867055200127652,100.0,0.007569167337351246,0.07569167337351246,v21.4b from v21.3 18k
16526,1.427027282261406,-2086.6494062767824,cr2_v1433_cas12_adaptive_topparent_hybrid,en2_topk,hybrid,hybrid,10.0,10.0,,,v214_archive/cr2_v214b_controller_restart_from_16026/seg012_to25000/step000_phase0_micro250_r10_to16526/cr2_v1425_final_step000_phase0_micro250_r10_to16526.json,29717.0,active_rotation:c65788197e7dc63e,,,,,,"v21.4b controller from 16,026"
16626,1.4159428192215273,-2086.6494173612455,cr2_v1433_cas12_adaptive_topparent_hybrid,en2_diversity,coupling_abs,hybrid,10.0,10.0,,,v214_archive/cr2_v214b_controller_restart_from_16026/seg012_to25000/step001_phase0_micro250_r10_to16626/cr2_v1425_final_step001_phase0_micro250_r10_to16626.json,29717.0,active_rotation:c65788197e7dc63e,16526.0,1.427027282261406,100.0,0.011084463039878756,0.11084463039878756,"v21.4b controller from 16,026"
16726,1.40566389200103,-2086.6494276401727,cr2_v1433_cas12_adaptive_topparent_hybrid,en2_diversity,coupling_abs,hybrid,10.0,10.0,,,v214_archive/cr2_v214b_controller_restart_from_16026/seg012_to25000/step002_phase0_micro250_r10_to16726/cr2_v1425_final_step002_phase0_micro250_r10_to16726.json,29717.0,active_rotation:c65788197e7dc63e,16626.0,1.4159428192215273,100.0,0.01027892722049728,0.1027892722049728,"v21.4b controller from 16,026"
16826,1.3954206797279767,-2086.649437883385,cr2_v1433_cas12_adaptive_topparent_hybrid,en2_diversity,coupling_abs,hybrid,10.0,10.0,,,v214_archive/cr2_v214b_controller_restart_from_16026/seg012_to25000/step003_phase0_micro250_r10_to16826/cr2_v1425_final_step003_phase0_micro250_r10_to16826.json,29717.0,active_rotation:c65788197e7dc63e,16726.0,1.40566389200103,100.0,0.01024321227305336,0.10243212273053359,"v21.4b controller from 16,026"
16926,1.3854885892214952,-2086.6494478154755,cr2_v1433_cas12_adaptive_topparent_hybrid,en2_diversity,coupling_abs,hybrid,10.0,10.0,,,v214_archive/cr2_v214b_controller_restart_from_16026/seg012_to25000/step004_phase0_micro250_r10_to16926/cr2_v1425_final_step004_phase0_micro250_r10_to16926.json,29717.0,active_rotation:c65788197e7dc63e,16826.0,1.3954206797279767,100.0,0.009932090506481472,0.09932090506481472,"v21.4b controller from 16,026"
17026,1.3753336274930916,-2086.649457970437,cr2_v1433_cas12_adaptive_topparent_hybrid,en2_diversity,coupling_abs,hybrid,10.0,10.0,,,v214_archive/cr2_v214b_controller_restart_from_16026/seg012_to25000/step005_phase0_micro250_r10_to17026/cr2_v1425_final_step005_phase0_micro250_r10_to17026.json,29717.0,active_rotation:c65788197e7dc63e,16926.0,1.3854885892214952,100.0,0.010154961728403578,0.10154961728403578,"v21.4b controller from 16,026"
17126,1.3652934835590713,-2086.649468010581,cr2_v1433_cas12_adaptive_topparent_hybrid,en2_diversity,coupling_abs,hybrid,10.0,10.0,,,v214_archive/cr2_v214b_controller_restart_from_16026/seg012_to25000/step006_phase0_micro250_r10_to17126/cr2_v1425_final_step006_phase0_micro250_r10_to17126.json,29717.0,active_rotation:c65788197e7dc63e,17026.0,1.3753336274930916,100.0,0.010040143934020307,0.10040143934020307,"v21.4b controller from 16,026"
17226,1.355360117941018,-2086.6494779439467,cr2_v1433_cas12_adaptive_topparent_hybrid,en2_diversity,coupling_abs,hybrid,10.0,10.0,,,v214_archive/cr2_v214b_controller_restart_from_16026/seg012_to25000/step007_phase0_micro250_r10_to17226/cr2_v1425_final_step007_phase0_micro250_r10_to17226.json,29717.0,active_rotation:c65788197e7dc63e,17126.0,1.3652934835590713,100.0,0.009933365618053358,0.09933365618053358,"v21.4b controller from 16,026"
17326,1.3460603531711968,-2086.6494872437115,cr2_v1433_cas12_adaptive_topparent_hybrid,en2_diversity,coupling_abs,hybrid,10.0,10.0,,,v214_archive/cr2_v214b_controller_restart_from_16026/seg012_to25000/step008_phase0_micro250_r10_to17326/cr2_v1425_final_step008_phase0_micro250_r10_to17326.json,29717.0,active_rotation:c65788197e7dc63e,17226.0,1.355360117941018,100.0,0.009299764769821195,0.09299764769821195,"v21.4b controller from 16,026"
15926,1.5038380456644518,-2086.649329466019,cr2_v1433_cas12_adaptive_topparent_hybrid,en2_topk,hybrid,hybrid,10.0,10.0,,,v214_archive/cr2_v214b_controller_restart_from_v211/seg012_to25000/step000_phase0_micro250_r10_to15926/cr2_v1425_final_step000_phase0_micro250_r10_to15926.json,29717.0,active_rotation:c65788197e7dc63e,,,,,,v21.4b controller from v211/15426
16026,1.4908178181940457,-2086.6493424862465,cr2_v214b_dtrn_active_rank_summary,,,,,,,,v214_archive/cr2_v214b_controller_restart_from_v211/v214b_summary.json,29717.0,active_rotation:c65788197e7dc63e,15926.0,1.5038380456644518,100.0,0.013020227470406098,0.13020227470406098,v21.4b controller from v211/15426
1819,259.98908579549607,-2086.390844218269,cr2_v1433_cas12_adaptive_topparent_hybrid,en2_topk,clipped_abs,hybrid,8.0,8.0,,,v214_archive/results/cr2_cas12_v214b_dtrn_20260511_042222/seg000_to1819/step000_phase0_micro250_r8_to1819/cr2_v1425_final_step000_phase0_micro250_r8_to1819.json,29717.0,active_rotation:c65788197e7dc63e,,,,,,v21.4b DTRN active 20260511
2319,100.77268776194614,-2086.5500606163027,cr2_v1433_cas12_adaptive_topparent_hybrid,en2_topk,clipped_abs,hybrid,9.0,9.0,,,v214_archive/results/cr2_cas12_v214b_dtrn_20260511_042222/seg001_to2319/step000_phase0_micro250_r9_to2319/cr2_v1425_final_step000_phase0_micro250_r9_to2319.json,29717.0,active_rotation:c65788197e7dc63e,1819.0,259.98908579549607,500.0,159.21639803354992,318.43279606709984,v21.4b DTRN active 20260511
2376,61.41810801136671,-2086.5894151960533,cr2_v1433_cas12_adaptive_topparent_hybrid,en2_topk,clipped_abs,hybrid,9.0,9.0,,,v214_archive/results/cr2_cas12_v214b_dtrn_20260511_042222/seg002_to2376/step000_phase0_micro250_r9_to2376/cr2_v1425_final_step000_phase0_micro250_r9_to2376.json,29717.0,active_rotation:c65788197e7dc63e,2319.0,100.77268776194614,57.0,39.35457975057943,690.431223694376,v21.4b DTRN active 20260511
3376,23.12837500403475,-2086.6277049290607,cr2_v1433_cas12_adaptive_topparent_hybrid,en2_topk,clipped_abs,hybrid,9.0,9.0,,,v214_archive/results/cr2_cas12_v214b_dtrn_20260511_042222/seg003_to3376/step000_phase0_micro250_r9_to3376/cr2_v1425_final_step000_phase0_micro250_r9_to3376.json,29717.0,active_rotation:c65788197e7dc63e,2376.0,61.41810801136671,1000.0,38.28973300733196,38.28973300733196,v21.4b DTRN active 20260511
4376,13.716059794660396,-2086.63711724427,cr2_v1433_cas12_adaptive_topparent_hybrid,en2_topk,clipped_abs,hybrid,9.0,9.0,,,v214_archive/results/cr2_cas12_v214b_dtrn_20260511_042222/seg004_to4376/step000_phase0_micro250_r9_to4376/cr2_v1425_final_step000_phase0_micro250_r9_to4376.json,29717.0,active_rotation:c65788197e7dc63e,3376.0,23.12837500403475,1000.0,9.412315209374356,9.412315209374356,v21.4b DTRN active 20260511
4876,8.798192531685345,-2086.642035111533,cr2_v1433_cas12_adaptive_topparent_hybrid,en2_topk,hybrid,hybrid,10.0,10.0,,,v214_archive/results/cr2_cas12_v214b_dtrn_20260511_042222/seg005_to5376/step000_phase0_micro250_r10_to4876/cr2_v1425_final_step000_phase0_micro250_r10_to4876.json,29717.0,active_rotation:c65788197e7dc63e,4376.0,13.716059794660396,500.0,4.917867262975051,9.835734525950102,v21.4b DTRN active 20260511
5126,7.962043389397877,-2086.6428712606753,cr2_v1433_cas12_adaptive_topparent_hybrid,en2_topk,hybrid,hybrid,10.0,10.0,,,v214_archive/results/cr2_cas12_v214b_dtrn_20260511_042222/seg005_to5376/step001_phase0_micro250_r10_to5126/cr2_v1425_final_step001_phase0_micro250_r10_to5126.json,29717.0,active_rotation:c65788197e7dc63e,4876.0,8.798192531685345,250.0,0.8361491422874678,3.3445965691498714,v21.4b DTRN active 20260511
5376,7.3477746182106785,-2086.6434855294465,cr2_v1433_cas12_adaptive_topparent_hybrid,en2_topk,hybrid,hybrid,10.0,10.0,,,v214_archive/results/cr2_cas12_v214b_dtrn_20260511_042222/seg005_to5376/step002_phase0_micro250_r10_to5376/cr2_v1425_final_step002_phase0_micro250_r10_to5376.json,29717.0,active_rotation:c65788197e7dc63e,5126.0,7.962043389397877,250.0,0.6142687711871986,2.4570750847487943,v21.4b DTRN active 20260511
5876,6.373638408149418,-2086.6444596656565,cr2_v1433_cas12_adaptive_topparent_hybrid,en2_topk,hybrid,hybrid,10.0,10.0,,,v214_archive/results/cr2_cas12_v214b_dtrn_20260511_042222/seg006_to6626/step000_phase0_micro250_r10_to5876/cr2_v1425_final_step000_phase0_micro250_r10_to5876.json,29717.0,active_rotation:c65788197e7dc63e,5376.0,7.3477746182106785,500.0,0.9741362100612605,1.948272420122521,v21.4b DTRN active 20260511
6126,5.936666464094742,-2086.6448966376006,cr2_v1433_cas12_adaptive_topparent_hybrid,en2_topk,hybrid,hybrid,10.0,10.0,,,v214_archive/results/cr2_cas12_v214b_dtrn_20260511_042222/seg006_to6626/step001_phase0_micro250_r10_to6126/cr2_v1425_final_step001_phase0_micro250_r10_to6126.json,29717.0,active_rotation:c65788197e7dc63e,5876.0,6.373638408149418,250.0,0.436971944054676,1.747887776218704,v21.4b DTRN active 20260511
6376,5.576270647907222,-2086.645257033417,cr2_v1433_cas12_adaptive_topparent_hybrid,en2_topk,hybrid,hybrid,10.0,10.0,,,v214_archive/results/cr2_cas12_v214b_dtrn_20260511_042222/seg006_to6626/step002_phase0_micro250_r10_to6376/cr2_v1425_final_step002_phase0_micro250_r10_to6376.json,29717.0,active_rotation:c65788197e7dc63e,6126.0,5.936666464094742,250.0,0.3603958161875198,1.4415832647500793,v21.4b DTRN active 20260511
6626,5.269222799597628,-2086.645564081265,cr2_v1433_cas12_adaptive_topparent_hybrid,en2_topk,hybrid,hybrid,10.0,10.0,,,v214_archive/results/cr2_cas12_v214b_dtrn_20260511_042222/seg006_to6626/step003_phase0_micro250_r10_to6626/cr2_v1425_final_step003_phase0_micro250_r10_to6626.json,29717.0,active_rotation:c65788197e7dc63e,6376.0,5.576270647907222,250.0,0.307047848309594,1.228191393238376,v21.4b DTRN active 20260511
7126,4.76407031828785,-2086.6460692337464,cr2_v1433_cas12_adaptive_topparent_hybrid,en2_topk,hybrid,hybrid,10.0,10.0,,,v214_archive/results/cr2_cas12_v214b_dtrn_20260511_042222/seg007_to7626/step000_phase0_micro250_r10_to7126/cr2_v1425_final_step000_phase0_micro250_r10_to7126.json,29717.0,active_rotation:c65788197e7dc63e,6626.0,5.269222799597628,500.0,0.5051524813097785,1.010304962619557,v21.4b DTRN active 20260511
7376,4.52632277392695,-2086.6463069812908,cr2_v1433_cas12_adaptive_topparent_hybrid,en2_topk,hybrid,hybrid,10.0,10.0,,,v214_archive/results/cr2_cas12_v214b_dtrn_20260511_042222/seg007_to7626/step001_phase0_micro250_r10_to7376/cr2_v1425_final_step001_phase0_micro250_r10_to7376.json,29717.0,active_rotation:c65788197e7dc63e,7126.0,4.76407031828785,250.0,0.23774754436090006,0.9509901774436003,v21.4b DTRN active 20260511
7626,4.311960472932697,-2086.6465213435918,cr2_v1433_cas12_adaptive_topparent_hybrid,en2_topk,hybrid,hybrid,10.0,10.0,,,v214_archive/results/cr2_cas12_v214b_dtrn_20260511_042222/seg007_to7626/step002_phase0_micro250_r10_to7626/cr2_v1425_final_step002_phase0_micro250_r10_to7626.json,29717.0,active_rotation:c65788197e7dc63e,7376.0,4.52632277392695,250.0,0.21436230099425302,0.8574492039770121,v21.4b DTRN active 20260511
8126,3.9422535619451082,-2086.6468910505027,cr2_v1433_cas12_adaptive_topparent_hybrid,en2_topk,hybrid,hybrid,10.0,10.0,,,v214_archive/results/cr2_cas12_v214b_dtrn_20260511_042222/seg008_to8876/step000_phase0_micro250_r10_to8126/cr2_v1425_final_step000_phase0_micro250_r10_to8126.json,29717.0,active_rotation:c65788197e7dc63e,7626.0,4.311960472932697,500.0,0.36970691098758834,0.7394138219751767,v21.4b DTRN active 20260511
8376,3.7680505924981844,-2086.647065253472,cr2_v1433_cas12_adaptive_topparent_hybrid,en2_topk,hybrid,hybrid,10.0,10.0,,,v214_archive/results/cr2_cas12_v214b_dtrn_20260511_042222/seg008_to8876/step001_phase0_micro250_r10_to8376/cr2_v1425_final_step001_phase0_micro250_r10_to8376.json,29717.0,active_rotation:c65788197e7dc63e,8126.0,3.9422535619451082,250.0,0.17420296944692382,0.6968118777876953,v21.4b DTRN active 20260511
8626,3.613773377310281,-2086.6472195306874,cr2_v1433_cas12_adaptive_topparent_hybrid,en2_topk,hybrid,hybrid,10.0,10.0,,,v214_archive/results/cr2_cas12_v214b_dtrn_20260511_042222/seg008_to8876/step002_phase0_micro250_r10_to8626/cr2_v1425_final_step002_phase0_micro250_r10_to8626.json,29717.0,active_rotation:c65788197e7dc63e,8376.0,3.7680505924981844,250.0,0.1542772151879035,0.617108860751614,v21.4b DTRN active 20260511
8876,3.464122003151715,-2086.6473691820615,cr2_v1433_cas12_adaptive_topparent_hybrid,en2_topk,hybrid,hybrid,10.0,10.0,,,v214_archive/results/cr2_cas12_v214b_dtrn_20260511_042222/seg008_to8876/step003_phase0_micro250_r10_to8876/cr2_v1425_final_step003_phase0_micro250_r10_to8876.json,29717.0,active_rotation:c65788197e7dc63e,8626.0,3.613773377310281,250.0,0.1496513741585659,0.5986054966342635,v21.4b DTRN active 20260511
9376,3.2109043777381885,-2086.647622399687,cr2_v1433_cas12_adaptive_topparent_hybrid,en2_topk,hybrid,hybrid,10.0,10.0,,,v214_archive/results/cr2_cas12_v214b_dtrn_20260511_042222/seg009_to10876/step000_phase0_micro250_r10_to9376/cr2_v1425_final_step000_phase0_micro250_r10_to9376.json,29717.0,active_rotation:c65788197e7dc63e,8876.0,3.464122003151715,500.0,0.25321762541352655,0.5064352508270531,v21.4b DTRN active 20260511
9626,3.082824639022874,-2086.6477504794257,cr2_v1433_cas12_adaptive_topparent_hybrid,en2_topk,hybrid,hybrid,10.0,10.0,,,v214_archive/results/cr2_cas12_v214b_dtrn_20260511_042222/seg009_to10876/step001_phase0_micro250_r10_to9626/cr2_v1425_final_step001_phase0_micro250_r10_to9626.json,29717.0,active_rotation:c65788197e7dc63e,9376.0,3.2109043777381885,250.0,0.1280797387153143,0.5123189548612572,v21.4b DTRN active 20260511
9876,2.9707897347179824,-2086.64786251433,cr2_v1433_cas12_adaptive_topparent_hybrid,en2_topk,hybrid,hybrid,10.0,10.0,,,v214_archive/results/cr2_cas12_v214b_dtrn_20260511_042222/seg009_to10876/step002_phase0_micro250_r10_to9876/cr2_v1425_final_step002_phase0_micro250_r10_to9876.json,29717.0,active_rotation:c65788197e7dc63e,9626.0,3.082824639022874,250.0,0.11203490430489182,0.4481396172195673,v21.4b DTRN active 20260511
9976,2.9292351114236226,-2086.6479040689533,cr2_v1433_cas12_adaptive_topparent_hybrid,en2_diversity,coupling_abs,hybrid,10.0,10.0,,,v214_archive/results/cr2_cas12_v214b_dtrn_20260511_042222/seg009_to10876/step003_phase0_micro250_r10_to9976/cr2_v1425_final_step003_phase0_micro250_r10_to9976.json,29717.0,active_rotation:c65788197e7dc63e,9876.0,2.9707897347179824,100.0,0.04155462329435977,0.4155462329435977,v21.4b DTRN active 20260511
10076,2.891351650305296,-2086.6479419524144,cr2_v1433_cas12_adaptive_topparent_hybrid,en2_diversity,coupling_abs,hybrid,10.0,10.0,,,v214_archive/results/cr2_cas12_v214b_dtrn_20260511_042222/seg009_to10876/step004_phase0_micro250_r10_to10076/cr2_v1425_final_step004_phase0_micro250_r10_to10076.json,29717.0,active_rotation:c65788197e7dc63e,9976.0,2.9292351114236226,100.0,0.03788346111832652,0.3788346111832652,v21.4b DTRN active 20260511
10176,2.854153362022771,-2086.6479791507027,cr2_v1433_cas12_adaptive_topparent_hybrid,en2_diversity,coupling_abs,hybrid,10.0,10.0,,,v214_archive/results/cr2_cas12_v214b_dtrn_20260511_042222/seg009_to10876/step005_phase0_micro250_r10_to10176/cr2_v1425_final_step005_phase0_micro250_r10_to10176.json,29717.0,active_rotation:c65788197e7dc63e,10076.0,2.891351650305296,100.0,0.03719828828252503,0.37198288282525027,v21.4b DTRN active 20260511
10276,2.815745155203331,-2086.6480175589095,cr2_v1433_cas12_adaptive_topparent_hybrid,en2_diversity,coupling_abs,hybrid,10.0,10.0,,,v214_archive/results/cr2_cas12_v214b_dtrn_20260511_042222/seg009_to10876/step006_phase0_micro250_r10_to10276/cr2_v1425_final_step006_phase0_micro250_r10_to10276.json,29717.0,active_rotation:c65788197e7dc63e,10176.0,2.854153362022771,100.0,0.03840820681944024,0.3840820681944024,v21.4b DTRN active 20260511
10376,2.7753630406550656,-2086.648057941024,cr2_v1433_cas12_adaptive_topparent_hybrid,en2_diversity,coupling_abs,hybrid,10.0,10.0,,,v214_archive/results/cr2_cas12_v214b_dtrn_20260511_042222/seg009_to10876/step007_phase0_micro250_r10_to10376/cr2_v1425_final_step007_phase0_micro250_r10_to10376.json,29717.0,active_rotation:c65788197e7dc63e,10276.0,2.815745155203331,100.0,0.040382114548265235,0.40382114548265235,v21.4b DTRN active 20260511
10476,2.738437593961862,-2086.6480948664707,cr2_v1433_cas12_adaptive_topparent_hybrid,en2_diversity,coupling_abs,hybrid,10.0,10.0,,,v214_archive/results/cr2_cas12_v214b_dtrn_20260511_042222/seg009_to10876/step008_phase0_micro250_r10_to10476/cr2_v1425_final_step008_phase0_micro250_r10_to10476.json,29717.0,active_rotation:c65788197e7dc63e,10376.0,2.7753630406550656,100.0,0.03692544669320341,0.3692544669320341,v21.4b DTRN active 20260511
10576,2.704652964894194,-2086.6481286511,cr2_v1433_cas12_adaptive_topparent_hybrid,en2_diversity,coupling_abs,hybrid,10.0,10.0,,,v214_archive/results/cr2_cas12_v214b_dtrn_20260511_042222/seg009_to10876/step009_phase0_micro250_r10_to10576/cr2_v1425_final_step009_phase0_micro250_r10_to10576.json,29717.0,active_rotation:c65788197e7dc63e,10476.0,2.738437593961862,100.0,0.03378462906766799,0.33784629067667993,v21.4b DTRN active 20260511
10676,2.6719740862972685,-2086.6481613299784,cr2_v1433_cas12_adaptive_topparent_hybrid,en2_diversity,coupling_abs,hybrid,10.0,10.0,,,v214_archive/results/cr2_cas12_v214b_dtrn_20260511_042222/seg009_to10876/step010_phase0_micro250_r10_to10676/cr2_v1425_final_step010_phase0_micro250_r10_to10676.json,29717.0,active_rotation:c65788197e7dc63e,10576.0,2.704652964894194,100.0,0.03267887859692564,0.3267887859692564,v21.4b DTRN active 20260511
10776,2.6387566367702675,-2086.648194547428,cr2_v1433_cas12_adaptive_topparent_hybrid,en2_diversity,coupling_abs,hybrid,10.0,10.0,,,v214_archive/results/cr2_cas12_v214b_dtrn_20260511_042222/seg009_to10876/step011_phase0_micro250_r10_to10776/cr2_v1425_final_step011_phase0_micro250_r10_to10776.json,29717.0,active_rotation:c65788197e7dc63e,10676.0,2.6719740862972685,100.0,0.03321744952700101,0.3321744952700101,v21.4b DTRN active 20260511
10876,2.6069395598824485,-2086.648226364505,cr2_v1433_cas12_adaptive_topparent_hybrid,en2_diversity,coupling_abs,hybrid,10.0,10.0,,,v214_archive/results/cr2_cas12_v214b_dtrn_20260511_042222/seg009_to10876/step012_phase0_micro250_r10_to10876/cr2_v1425_final_step012_phase0_micro250_r10_to10876.json,29717.0,active_rotation:c65788197e7dc63e,10776.0,2.6387566367702675,100.0,0.031817076887818985,0.31817076887818985,v21.4b DTRN active 20260511
11376,2.430085950436478,-2086.6484032181143,cr2_v1433_cas12_adaptive_topparent_hybrid,en2_topk,hybrid,hybrid,10.0,10.0,,,v214_archive/results/cr2_cas12_v214b_dtrn_20260511_042222/seg010_to12876/step000_phase0_micro250_r10_to11376/cr2_v1425_final_step000_phase0_micro250_r10_to11376.json,29717.0,active_rotation:c65788197e7dc63e,10876.0,2.6069395598824485,500.0,0.1768536094459705,0.353707218891941,v21.4b DTRN active 20260511
11476,2.3992043006728636,-2086.648434099764,cr2_v1433_cas12_adaptive_topparent_hybrid,en2_diversity,coupling_abs,hybrid,10.0,10.0,,,v214_archive/results/cr2_cas12_v214b_dtrn_20260511_042222/seg010_to12876/step001_phase0_micro250_r10_to11476/cr2_v1425_final_step001_phase0_micro250_r10_to11476.json,29717.0,active_rotation:c65788197e7dc63e,11376.0,2.430085950436478,100.0,0.030881649763614405,0.30881649763614405,v21.4b DTRN active 20260511
11576,2.3718403103885066,-2086.6484614637543,cr2_v1433_cas12_adaptive_topparent_hybrid,en2_diversity,coupling_abs,hybrid,10.0,10.0,,,v214_archive/results/cr2_cas12_v214b_dtrn_20260511_042222/seg010_to12876/step002_phase0_micro250_r10_to11576/cr2_v1425_final_step002_phase0_micro250_r10_to11576.json,29717.0,active_rotation:c65788197e7dc63e,11476.0,2.3992043006728636,100.0,0.027363990284356987,0.27363990284356987,v21.4b DTRN active 20260511
11676,2.344695228657656,-2086.648488608836,cr2_v1433_cas12_adaptive_topparent_hybrid,en2_diversity,coupling_abs,hybrid,10.0,10.0,,,v214_archive/results/cr2_cas12_v214b_dtrn_20260511_042222/seg010_to12876/step003_phase0_micro250_r10_to11676/cr2_v1425_final_step003_phase0_micro250_r10_to11676.json,29717.0,active_rotation:c65788197e7dc63e,11576.0,2.3718403103885066,100.0,0.027145081730850507,0.27145081730850507,v21.4b DTRN active 20260511
11776,2.3196019610622898,-2086.6485137021036,cr2_v1433_cas12_adaptive_topparent_hybrid,en2_diversity,coupling_abs,hybrid,10.0,10.0,,,v214_archive/results/cr2_cas12_v214b_dtrn_20260511_042222/seg010_to12876/step004_phase0_micro250_r10_to11776/cr2_v1425_final_step004_phase0_micro250_r10_to11776.json,29717.0,active_rotation:c65788197e7dc63e,11676.0,2.344695228657656,100.0,0.025093267595366342,0.2509326759536634,v21.4b DTRN active 20260511
11876,2.294120668921096,-2086.6485391833958,cr2_v1433_cas12_adaptive_topparent_hybrid,en2_diversity,coupling_abs,hybrid,10.0,10.0,,,v214_archive/results/cr2_cas12_v214b_dtrn_20260511_042222/seg010_to12876/step005_phase0_micro250_r10_to11876/cr2_v1425_final_step005_phase0_micro250_r10_to11876.json,29717.0,active_rotation:c65788197e7dc63e,11776.0,2.3196019610622898,100.0,0.02548129214119399,0.2548129214119399,v21.4b DTRN active 20260511
1819,259.98908579549607,-2086.390844218269,cr2_v1433_cas12_adaptive_topparent_hybrid,en2_topk,clipped_abs,hybrid,8.0,8.0,,,v214_archive/results/cr2_cas12_v214b_dtrn_20260512_071446/seg000_to1819/step000_phase0_micro250_r8_to1819/cr2_v1425_final_step000_phase0_micro250_r8_to1819.json,29717.0,active_rotation:c65788197e7dc63e,,,,,,v21.4b DTRN active 20260512
2319,100.77268776194614,-2086.5500606163027,cr2_v1433_cas12_adaptive_topparent_hybrid,en2_topk,clipped_abs,hybrid,9.0,9.0,,,v214_archive/results/cr2_cas12_v214b_dtrn_20260512_071446/seg001_to2319/step000_phase0_micro250_r9_to2319/cr2_v1425_final_step000_phase0_micro250_r9_to2319.json,29717.0,active_rotation:c65788197e7dc63e,1819.0,259.98908579549607,500.0,159.21639803354992,318.43279606709984,v21.4b DTRN active 20260512
2376,61.41810801136671,-2086.5894151960533,cr2_v1433_cas12_adaptive_topparent_hybrid,en2_topk,clipped_abs,hybrid,9.0,9.0,,,v214_archive/results/cr2_cas12_v214b_dtrn_20260512_071446/seg002_to2376/step000_phase0_micro250_r9_to2376/cr2_v1425_final_step000_phase0_micro250_r9_to2376.json,29717.0,active_rotation:c65788197e7dc63e,2319.0,100.77268776194614,57.0,39.35457975057943,690.431223694376,v21.4b DTRN active 20260512
3376,23.12837500403475,-2086.6277049290607,cr2_v1433_cas12_adaptive_topparent_hybrid,en2_topk,clipped_abs,hybrid,9.0,9.0,,,v214_archive/results/cr2_cas12_v214b_dtrn_20260512_071446/seg003_to3376/step000_phase0_micro250_r9_to3376/cr2_v1425_final_step000_phase0_micro250_r9_to3376.json,29717.0,active_rotation:c65788197e7dc63e,2376.0,61.41810801136671,1000.0,38.28973300733196,38.28973300733196,v21.4b DTRN active 20260512
4376,13.716059794660396,-2086.63711724427,cr2_v1433_cas12_adaptive_topparent_hybrid,en2_topk,clipped_abs,hybrid,9.0,9.0,,,v214_archive/results/cr2_cas12_v214b_dtrn_20260512_071446/seg004_to4376/step000_phase0_micro250_r9_to4376/cr2_v1425_final_step000_phase0_micro250_r9_to4376.json,29717.0,active_rotation:c65788197e7dc63e,3376.0,23.12837500403475,1000.0,9.412315209374356,9.412315209374356,v21.4b DTRN active 20260512
4876,8.798192531685345,-2086.642035111533,cr2_v1433_cas12_adaptive_topparent_hybrid,en2_topk,hybrid,hybrid,10.0,10.0,,,v214_archive/results/cr2_cas12_v214b_dtrn_20260512_071446/seg005_to5376/step000_phase0_micro250_r10_to4876/cr2_v1425_final_step000_phase0_micro250_r10_to4876.json,29717.0,active_rotation:c65788197e7dc63e,4376.0,13.716059794660396,500.0,4.917867262975051,9.835734525950102,v21.4b DTRN active 20260512
5126,7.962043389397877,-2086.6428712606753,cr2_v1433_cas12_adaptive_topparent_hybrid,en2_topk,hybrid,hybrid,10.0,10.0,,,v214_archive/results/cr2_cas12_v214b_dtrn_20260512_071446/seg005_to5376/step001_phase0_micro250_r10_to5126/cr2_v1425_final_step001_phase0_micro250_r10_to5126.json,29717.0,active_rotation:c65788197e7dc63e,4876.0,8.798192531685345,250.0,0.8361491422874678,3.3445965691498714,v21.4b DTRN active 20260512
5376,7.3477746182106785,-2086.6434855294465,cr2_v1433_cas12_adaptive_topparent_hybrid,en2_topk,hybrid,hybrid,10.0,10.0,,,v214_archive/results/cr2_cas12_v214b_dtrn_20260512_071446/seg005_to5376/step002_phase0_micro250_r10_to5376/cr2_v1425_final_step002_phase0_micro250_r10_to5376.json,29717.0,active_rotation:c65788197e7dc63e,5126.0,7.962043389397877,250.0,0.6142687711871986,2.4570750847487943,v21.4b DTRN active 20260512
5876,6.373638408149418,-2086.6444596656565,cr2_v1433_cas12_adaptive_topparent_hybrid,en2_topk,hybrid,hybrid,10.0,10.0,,,v214_archive/results/cr2_cas12_v214b_dtrn_20260512_071446/seg006_to6626/step000_phase0_micro250_r10_to5876/cr2_v1425_final_step000_phase0_micro250_r10_to5876.json,29717.0,active_rotation:c65788197e7dc63e,5376.0,7.3477746182106785,500.0,0.9741362100612605,1.948272420122521,v21.4b DTRN active 20260512
6126,5.936666464094742,-2086.6448966376006,cr2_v1433_cas12_adaptive_topparent_hybrid,en2_topk,hybrid,hybrid,10.0,10.0,,,v214_archive/results/cr2_cas12_v214b_dtrn_20260512_071446/seg006_to6626/step001_phase0_micro250_r10_to6126/cr2_v1425_final_step001_phase0_micro250_r10_to6126.json,29717.0,active_rotation:c65788197e7dc63e,5876.0,6.373638408149418,250.0,0.436971944054676,1.747887776218704,v21.4b DTRN active 20260512
6376,5.576270647907222,-2086.645257033417,cr2_v1433_cas12_adaptive_topparent_hybrid,en2_topk,hybrid,hybrid,10.0,10.0,,,v214_archive/results/cr2_cas12_v214b_dtrn_20260512_071446/seg006_to6626/step002_phase0_micro250_r10_to6376/cr2_v1425_final_step002_phase0_micro250_r10_to6376.json,29717.0,active_rotation:c65788197e7dc63e,6126.0,5.936666464094742,250.0,0.3603958161875198,1.4415832647500793,v21.4b DTRN active 20260512
6626,5.269222799597628,-2086.645564081265,cr2_v1433_cas12_adaptive_topparent_hybrid,en2_topk,hybrid,hybrid,10.0,10.0,,,v214_archive/results/cr2_cas12_v214b_dtrn_20260512_071446/seg006_to6626/step003_phase0_micro250_r10_to6626/cr2_v1425_final_step003_phase0_micro250_r10_to6626.json,29717.0,active_rotation:c65788197e7dc63e,6376.0,5.576270647907222,250.0,0.307047848309594,1.228191393238376,v21.4b DTRN active 20260512
7126,4.76407031828785,-2086.6460692337464,cr2_v1433_cas12_adaptive_topparent_hybrid,en2_topk,hybrid,hybrid,10.0,10.0,,,v214_archive/results/cr2_cas12_v214b_dtrn_20260512_071446/seg007_to7626/step000_phase0_micro250_r10_to7126/cr2_v1425_final_step000_phase0_micro250_r10_to7126.json,29717.0,active_rotation:c65788197e7dc63e,6626.0,5.269222799597628,500.0,0.5051524813097785,1.010304962619557,v21.4b DTRN active 20260512
7376,4.52632277392695,-2086.6463069812908,cr2_v1433_cas12_adaptive_topparent_hybrid,en2_topk,hybrid,hybrid,10.0,10.0,,,v214_archive/results/cr2_cas12_v214b_dtrn_20260512_071446/seg007_to7626/step001_phase0_micro250_r10_to7376/cr2_v1425_final_step001_phase0_micro250_r10_to7376.json,29717.0,active_rotation:c65788197e7dc63e,7126.0,4.76407031828785,250.0,0.23774754436090006,0.9509901774436003,v21.4b DTRN active 20260512
7626,4.311960472932697,-2086.6465213435918,cr2_v1433_cas12_adaptive_topparent_hybrid,en2_topk,hybrid,hybrid,10.0,10.0,,,v214_archive/results/cr2_cas12_v214b_dtrn_20260512_071446/seg007_to7626/step002_phase0_micro250_r10_to7626/cr2_v1425_final_step002_phase0_micro250_r10_to7626.json,29717.0,active_rotation:c65788197e7dc63e,7376.0,4.52632277392695,250.0,0.21436230099425302,0.8574492039770121,v21.4b DTRN active 20260512
8126,3.9422535619451082,-2086.6468910505027,cr2_v1433_cas12_adaptive_topparent_hybrid,en2_topk,hybrid,hybrid,10.0,10.0,,,v214_archive/results/cr2_cas12_v214b_dtrn_20260512_071446/seg008_to8876/step000_phase0_micro250_r10_to8126/cr2_v1425_final_step000_phase0_micro250_r10_to8126.json,29717.0,active_rotation:c65788197e7dc63e,7626.0,4.311960472932697,500.0,0.36970691098758834,0.7394138219751767,v21.4b DTRN active 20260512
8376,3.7680505924981844,-2086.647065253472,cr2_v1433_cas12_adaptive_topparent_hybrid,en2_topk,hybrid,hybrid,10.0,10.0,,,v214_archive/results/cr2_cas12_v214b_dtrn_20260512_071446/seg008_to8876/step001_phase0_micro250_r10_to8376/cr2_v1425_final_step001_phase0_micro250_r10_to8376.json,29717.0,active_rotation:c65788197e7dc63e,8126.0,3.9422535619451082,250.0,0.17420296944692382,0.6968118777876953,v21.4b DTRN active 20260512
8626,3.613773377310281,-2086.6472195306874,cr2_v1433_cas12_adaptive_topparent_hybrid,en2_topk,hybrid,hybrid,10.0,10.0,,,v214_archive/results/cr2_cas12_v214b_dtrn_20260512_071446/seg008_to8876/step002_phase0_micro250_r10_to8626/cr2_v1425_final_step002_phase0_micro250_r10_to8626.json,29717.0,active_rotation:c65788197e7dc63e,8376.0,3.7680505924981844,250.0,0.1542772151879035,0.617108860751614,v21.4b DTRN active 20260512
8876,3.464122003151715,-2086.6473691820615,cr2_v1433_cas12_adaptive_topparent_hybrid,en2_topk,hybrid,hybrid,10.0,10.0,,,v214_archive/results/cr2_cas12_v214b_dtrn_20260512_071446/seg008_to8876/step003_phase0_micro250_r10_to8876/cr2_v1425_final_step003_phase0_micro250_r10_to8876.json,29717.0,active_rotation:c65788197e7dc63e,8626.0,3.613773377310281,250.0,0.1496513741585659,0.5986054966342635,v21.4b DTRN active 20260512
9376,3.2109043777381885,-2086.647622399687,cr2_v1433_cas12_adaptive_topparent_hybrid,en2_topk,hybrid,hybrid,10.0,10.0,,,v214_archive/results/cr2_cas12_v214b_dtrn_20260512_071446/seg009_to10876/step000_phase0_micro250_r10_to9376/cr2_v1425_final_step000_phase0_micro250_r10_to9376.json,29717.0,active_rotation:c65788197e7dc63e,8876.0,3.464122003151715,500.0,0.25321762541352655,0.5064352508270531,v21.4b DTRN active 20260512
9626,3.082824639022874,-2086.6477504794257,cr2_v1433_cas12_adaptive_topparent_hybrid,en2_topk,hybrid,hybrid,10.0,10.0,,,v214_archive/results/cr2_cas12_v214b_dtrn_20260512_071446/seg009_to10876/step001_phase0_micro250_r10_to9626/cr2_v1425_final_step001_phase0_micro250_r10_to9626.json,29717.0,active_rotation:c65788197e7dc63e,9376.0,3.2109043777381885,250.0,0.1280797387153143,0.5123189548612572,v21.4b DTRN active 20260512
9876,2.9707897347179824,-2086.64786251433,cr2_v1433_cas12_adaptive_topparent_hybrid,en2_topk,hybrid,hybrid,10.0,10.0,,,v214_archive/results/cr2_cas12_v214b_dtrn_20260512_071446/seg009_to10876/step002_phase0_micro250_r10_to9876/cr2_v1425_final_step002_phase0_micro250_r10_to9876.json,29717.0,active_rotation:c65788197e7dc63e,9626.0,3.082824639022874,250.0,0.11203490430489182,0.4481396172195673,v21.4b DTRN active 20260512
9976,2.9292351114236226,-2086.6479040689533,cr2_v1433_cas12_adaptive_topparent_hybrid,en2_diversity,coupling_abs,hybrid,10.0,10.0,,,v214_archive/results/cr2_cas12_v214b_dtrn_20260512_071446/seg009_to10876/step003_phase0_micro250_r10_to9976/cr2_v1425_final_step003_phase0_micro250_r10_to9976.json,29717.0,active_rotation:c65788197e7dc63e,9876.0,2.9707897347179824,100.0,0.04155462329435977,0.4155462329435977,v21.4b DTRN active 20260512
10076,2.891351650305296,-2086.6479419524144,cr2_v1433_cas12_adaptive_topparent_hybrid,en2_diversity,coupling_abs,hybrid,10.0,10.0,,,v214_archive/results/cr2_cas12_v214b_dtrn_20260512_071446/seg009_to10876/step004_phase0_micro250_r10_to10076/cr2_v1425_final_step004_phase0_micro250_r10_to10076.json,29717.0,active_rotation:c65788197e7dc63e,9976.0,2.9292351114236226,100.0,0.03788346111832652,0.3788346111832652,v21.4b DTRN active 20260512
10176,2.854153362022771,-2086.6479791507027,cr2_v1433_cas12_adaptive_topparent_hybrid,en2_diversity,coupling_abs,hybrid,10.0,10.0,,,v214_archive/results/cr2_cas12_v214b_dtrn_20260512_071446/seg009_to10876/step005_phase0_micro250_r10_to10176/cr2_v1425_final_step005_phase0_micro250_r10_to10176.json,29717.0,active_rotation:c65788197e7dc63e,10076.0,2.891351650305296,100.0,0.03719828828252503,0.37198288282525027,v21.4b DTRN active 20260512
10276,2.815745155203331,-2086.6480175589095,cr2_v1433_cas12_adaptive_topparent_hybrid,en2_diversity,coupling_abs,hybrid,10.0,10.0,,,v214_archive/results/cr2_cas12_v214b_dtrn_20260512_071446/seg009_to10876/step006_phase0_micro250_r10_to10276/cr2_v1425_final_step006_phase0_micro250_r10_to10276.json,29717.0,active_rotation:c65788197e7dc63e,10176.0,2.854153362022771,100.0,0.03840820681944024,0.3840820681944024,v21.4b DTRN active 20260512
10376,2.7753630406550656,-2086.648057941024,cr2_v1433_cas12_adaptive_topparent_hybrid,en2_diversity,coupling_abs,hybrid,10.0,10.0,,,v214_archive/results/cr2_cas12_v214b_dtrn_20260512_071446/seg009_to10876/step007_phase0_micro250_r10_to10376/cr2_v1425_final_step007_phase0_micro250_r10_to10376.json,29717.0,active_rotation:c65788197e7dc63e,10276.0,2.815745155203331,100.0,0.040382114548265235,0.40382114548265235,v21.4b DTRN active 20260512
10476,2.738437593961862,-2086.6480948664707,cr2_v1433_cas12_adaptive_topparent_hybrid,en2_diversity,coupling_abs,hybrid,10.0,10.0,,,v214_archive/results/cr2_cas12_v214b_dtrn_20260512_071446/seg009_to10876/step008_phase0_micro250_r10_to10476/cr2_v1425_final_step008_phase0_micro250_r10_to10476.json,29717.0,active_rotation:c65788197e7dc63e,10376.0,2.7753630406550656,100.0,0.03692544669320341,0.3692544669320341,v21.4b DTRN active 20260512
1819,259.98908579549607,-2086.390844218269,cr2_v1433_cas12_adaptive_topparent_hybrid,en2_topk,clipped_abs,hybrid,8.0,8.0,,,v214a/results/cr2_12_12_v214a_adaptive_20260510_204116/seg000_to1819/step000_phase0_micro250_r8_to1819/cr2_v1425_final_step000_phase0_micro250_r8_to1819.json,29717.0,active_rotation:c65788197e7dc63e,,,,,,v21.4a adaptive
2319,100.77268776194614,-2086.5500606163027,cr2_v1433_cas12_adaptive_topparent_hybrid,en2_topk,clipped_abs,hybrid,9.0,9.0,,,v214a/results/cr2_12_12_v214a_adaptive_20260510_204116/seg001_to2319/step000_phase0_micro250_r9_to2319/cr2_v1425_final_step000_phase0_micro250_r9_to2319.json,29717.0,active_rotation:c65788197e7dc63e,1819.0,259.98908579549607,500.0,159.21639803354992,318.43279606709984,v21.4a adaptive
2376,61.41810801136671,-2086.5894151960533,cr2_v1433_cas12_adaptive_topparent_hybrid,en2_topk,clipped_abs,hybrid,9.0,9.0,,,v214a/results/cr2_12_12_v214a_adaptive_20260510_204116/seg002_to2376/step000_phase0_micro250_r9_to2376/cr2_v1425_final_step000_phase0_micro250_r9_to2376.json,29717.0,active_rotation:c65788197e7dc63e,2319.0,100.77268776194614,57.0,39.35457975057943,690.431223694376,v21.4a adaptive
3376,23.12837500403475,-2086.6277049290607,cr2_v1433_cas12_adaptive_topparent_hybrid,en2_topk,clipped_abs,hybrid,9.0,9.0,,,v214a/results/cr2_12_12_v214a_adaptive_20260510_204116/seg003_to3376/step000_phase0_micro250_r9_to3376/cr2_v1425_final_step000_phase0_micro250_r9_to3376.json,29717.0,active_rotation:c65788197e7dc63e,2376.0,61.41810801136671,1000.0,38.28973300733196,38.28973300733196,v21.4a adaptive
4376,13.716059794660396,-2086.63711724427,cr2_v1433_cas12_adaptive_topparent_hybrid,en2_topk,clipped_abs,hybrid,9.0,9.0,,,v214a/results/cr2_12_12_v214a_adaptive_20260510_204116/seg004_to4376/step000_phase0_micro250_r9_to4376/cr2_v1425_final_step000_phase0_micro250_r9_to4376.json,29717.0,active_rotation:c65788197e7dc63e,3376.0,23.12837500403475,1000.0,9.412315209374356,9.412315209374356,v21.4a adaptive
4876,11.23401605309482,-2086.6395992880116,cr2_v1433_cas12_adaptive_topparent_hybrid,en2_topk,clipped_abs,hybrid,9.0,9.0,,,v214a/results/cr2_12_12_v214a_adaptive_20260510_204116/seg005_to5376/step000_phase0_micro250_r9_to4876/cr2_v1425_final_step000_phase0_micro250_r9_to4876.json,29717.0,active_rotation:c65788197e7dc63e,4376.0,13.716059794660396,500.0,2.482043741565576,4.964087483131152,v21.4a adaptive
5126,10.41410929065023,-2086.640419194774,cr2_v1433_cas12_adaptive_topparent_hybrid,en2_topk,clipped_abs,hybrid,9.0,9.0,,,v214a/results/cr2_12_12_v214a_adaptive_20260510_204116/seg005_to5376/step001_phase0_micro250_r9_to5126/cr2_v1425_final_step001_phase0_micro250_r9_to5126.json,29717.0,active_rotation:c65788197e7dc63e,4876.0,11.23401605309482,250.0,0.8199067624445888,3.2796270497783553,v21.4a adaptive
5376,9.78420280989667,-2086.641049101255,cr2_v1433_cas12_adaptive_topparent_hybrid,en2_topk,clipped_abs,hybrid,9.0,9.0,,,v214a/results/cr2_12_12_v214a_adaptive_20260510_204116/seg005_to5376/step002_phase0_micro250_r9_to5376/cr2_v1425_final_step002_phase0_micro250_r9_to5376.json,29717.0,active_rotation:c65788197e7dc63e,5126.0,10.41410929065023,250.0,0.6299064807535615,2.519625923014246,v21.4a adaptive
5876,6.387056128005497,-2086.6444462479367,cr2_v1433_cas12_adaptive_topparent_hybrid,en2_topk,clipped_abs,hybrid,10.0,10.0,,,v214a/results/cr2_12_12_v214a_adaptive_20260510_204116/seg006_to6876/step000_phase0_micro250_r10_to5876/cr2_v1425_final_step000_phase0_micro250_r10_to5876.json,29717.0,active_rotation:c65788197e7dc63e,5376.0,9.78420280989667,500.0,3.397146681891172,6.794293363782344,v21.4a adaptive
6126,5.9342753579585406,-2086.6448990287067,cr2_v1433_cas12_adaptive_topparent_hybrid,en2_topk,clipped_abs,hybrid,10.0,10.0,,,v214a/results/cr2_12_12_v214a_adaptive_20260510_204116/seg006_to6876/step001_phase0_micro250_r10_to6126/cr2_v1425_final_step001_phase0_micro250_r10_to6126.json,29717.0,active_rotation:c65788197e7dc63e,5876.0,6.387056128005497,250.0,0.4527807700469566,1.8111230801878264,v21.4a adaptive
6376,5.575375604621513,-2086.64525792846,cr2_v1433_cas12_adaptive_topparent_hybrid,en2_topk,clipped_abs,hybrid,10.0,10.0,,,v214a/results/cr2_12_12_v214a_adaptive_20260510_204116/seg006_to6876/step002_phase0_micro250_r10_to6376/cr2_v1425_final_step002_phase0_micro250_r10_to6376.json,29717.0,active_rotation:c65788197e7dc63e,6126.0,5.9342753579585406,250.0,0.3588997533370275,1.43559901334811,v21.4a adaptive
6626,5.27216138152653,-2086.645561142683,cr2_v1433_cas12_adaptive_topparent_hybrid,en2_topk,clipped_abs,hybrid,10.0,10.0,,,v214a/results/cr2_12_12_v214a_adaptive_20260510_204116/seg006_to6876/step003_phase0_micro250_r10_to6626/cr2_v1425_final_step003_phase0_micro250_r10_to6626.json,29717.0,active_rotation:c65788197e7dc63e,6376.0,5.575375604621513,250.0,0.303214223094983,1.212856892379932,v21.4a adaptive
6876,4.995757312372007,-2086.6458375467523,cr2_v1433_cas12_adaptive_topparent_hybrid,en2_topk,clipped_abs,hybrid,10.0,10.0,,,v214a/results/cr2_12_12_v214a_adaptive_20260510_204116/seg006_to6876/step004_phase0_micro250_r10_to6876/cr2_v1425_final_step004_phase0_micro250_r10_to6876.json,29717.0,active_rotation:c65788197e7dc63e,6626.0,5.27216138152653,250.0,0.2764040691545233,1.1056162766180933,v21.4a adaptive
7376,4.534015222816379,-2086.646299288842,cr2_v1433_cas12_adaptive_topparent_hybrid,en2_topk,clipped_abs,hybrid,10.0,10.0,,,v214a/results/cr2_12_12_v214a_adaptive_20260510_204116/seg007_to8876/step000_phase0_micro250_r10_to7376/cr2_v1425_final_step000_phase0_micro250_r10_to7376.json,29717.0,active_rotation:c65788197e7dc63e,6876.0,4.995757312372007,500.0,0.4617420895556279,0.9234841791112558,v21.4a adaptive
7626,4.306086739688908,-2086.646527217325,cr2_v1433_cas12_adaptive_topparent_hybrid,en2_topk,hybrid,hybrid,10.0,10.0,,,v214a/results/cr2_12_12_v214a_adaptive_20260510_204116/seg007_to8876/step001_phase0_micro250_r10_to7626/cr2_v1425_final_step001_phase0_micro250_r10_to7626.json,29717.0,active_rotation:c65788197e7dc63e,7376.0,4.534015222816379,250.0,0.22792848312747083,0.9117139325098833,v21.4a adaptive
7876,4.110738133931591,-2086.6467225659308,cr2_v1433_cas12_adaptive_topparent_hybrid,en2_topk,hybrid,hybrid,10.0,10.0,,,v214a/results/cr2_12_12_v214a_adaptive_20260510_204116/seg007_to8876/step002_phase0_micro250_r10_to7876/cr2_v1425_final_step002_phase0_micro250_r10_to7876.json,29717.0,active_rotation:c65788197e7dc63e,7626.0,4.306086739688908,250.0,0.19534860575731727,0.7813944230292691,v21.4a adaptive
8126,3.9337083949249063,-2086.6468995956698,cr2_v1433_cas12_adaptive_topparent_hybrid,en2_topk,hybrid,hybrid,10.0,10.0,,,v214a/results/cr2_12_12_v214a_adaptive_20260510_204116/seg007_to8876/step003_phase0_micro250_r10_to8126/cr2_v1425_final_step003_phase0_micro250_r10_to8126.json,29717.0,active_rotation:c65788197e7dc63e,7876.0,4.110738133931591,250.0,0.1770297390066844,0.7081189560267376,v21.4a adaptive
8376,3.76619401095013,-2086.6470671100537,cr2_v1433_cas12_adaptive_topparent_hybrid,en2_topk,hybrid,hybrid,10.0,10.0,,,v214a/results/cr2_12_12_v214a_adaptive_20260510_204116/seg007_to8876/step004_phase0_micro250_r10_to8376/cr2_v1425_final_step004_phase0_micro250_r10_to8376.json,29717.0,active_rotation:c65788197e7dc63e,8126.0,3.9337083949249063,250.0,0.16751438397477614,0.6700575358991046,v21.4a adaptive
8626,3.612412540405785,-2086.6472208915243,cr2_v1433_cas12_adaptive_topparent_hybrid,en2_topk,hybrid,hybrid,10.0,10.0,,,v214a/results/cr2_12_12_v214a_adaptive_20260510_204116/seg007_to8876/step005_phase0_micro250_r10_to8626/cr2_v1425_final_step005_phase0_micro250_r10_to8626.json,29717.0,active_rotation:c65788197e7dc63e,8376.0,3.76619401095013,250.0,0.1537814705443452,0.6151258821773808,v21.4a adaptive
8876,3.464147789600247,-2086.647369156275,cr2_v1433_cas12_adaptive_topparent_hybrid,en2_topk,hybrid,hybrid,10.0,10.0,,,v214a/results/cr2_12_12_v214a_adaptive_20260510_204116/seg007_to8876/step006_phase0_micro250_r10_to8876/cr2_v1425_final_step006_phase0_micro250_r10_to8876.json,29717.0,active_rotation:c65788197e7dc63e,8626.0,3.612412540405785,250.0,0.14826475080553791,0.5930590032221517,v21.4a adaptive
9376,3.207258510428801,-2086.6476260455543,cr2_v1433_cas12_adaptive_topparent_hybrid,en2_topk,clipped_abs,hybrid,10.0,10.0,,,v214a/results/cr2_12_12_v214a_adaptive_20260510_204116/seg008_to10876/step000_phase0_micro250_r10_to9376/cr2_v1425_final_step000_phase0_micro250_r10_to9376.json,29717.0,active_rotation:c65788197e7dc63e,8876.0,3.464147789600247,500.0,0.2568892791714461,0.5137785583428922,v21.4a adaptive
9626,3.080178099025943,-2086.6477531259657,cr2_v1433_cas12_adaptive_topparent_hybrid,en2_topk,hybrid,hybrid,10.0,10.0,,,v214a/results/cr2_12_12_v214a_adaptive_20260510_204116/seg008_to10876/step001_phase0_micro250_r10_to9626/cr2_v1425_final_step001_phase0_micro250_r10_to9626.json,29717.0,active_rotation:c65788197e7dc63e,9376.0,3.207258510428801,250.0,0.12708041140285786,0.5083216456114314,v21.4a adaptive
9876,2.968091559068853,-2086.6478652125056,cr2_v1433_cas12_adaptive_topparent_hybrid,en2_topk,hybrid,hybrid,10.0,10.0,,,v214a/results/cr2_12_12_v214a_adaptive_20260510_204116/seg008_to10876/step002_phase0_micro250_r10_to9876/cr2_v1425_final_step002_phase0_micro250_r10_to9876.json,29717.0,active_rotation:c65788197e7dc63e,9626.0,3.080178099025943,250.0,0.11208653995709028,0.4483461598283611,v21.4a adaptive
9976,2.925455110016628,-2086.6479078489547,cr2_v1433_cas12_adaptive_topparent_hybrid,en2_diversity,coupling_abs,hybrid,10.0,10.0,,,v214a/results/cr2_12_12_v214a_adaptive_20260510_204116/seg008_to10876/step003_phase0_micro250_r10_to9976/cr2_v1425_final_step003_phase0_micro250_r10_to9976.json,29717.0,active_rotation:c65788197e7dc63e,9876.0,2.968091559068853,100.0,0.042636449052224634,0.42636449052224634,v21.4a adaptive
10076,2.885410117869469,-2086.647947893947,cr2_v1433_cas12_adaptive_topparent_hybrid,en2_diversity,coupling_abs,hybrid,10.0,10.0,,,v214a/results/cr2_12_12_v214a_adaptive_20260510_204116/seg008_to10876/step004_phase0_micro250_r10_to10076/cr2_v1425_final_step004_phase0_micro250_r10_to10076.json,29717.0,active_rotation:c65788197e7dc63e,9976.0,2.925455110016628,100.0,0.040044992147159064,0.40044992147159064,v21.4a adaptive
10176,2.8458129004320654,-2086.6479874911643,cr2_v1433_cas12_adaptive_topparent_hybrid,en2_diversity,coupling_abs,hybrid,10.0,10.0,,,v214a/results/cr2_12_12_v214a_adaptive_20260510_204116/seg008_to10876/step005_phase0_micro250_r10_to10176/cr2_v1425_final_step005_phase0_micro250_r10_to10176.json,29717.0,active_rotation:c65788197e7dc63e,10076.0,2.885410117869469,100.0,0.03959721743740374,0.3959721743740374,v21.4a adaptive
10276,2.809598210205877,-2086.6480237058545,cr2_v1433_cas12_adaptive_topparent_hybrid,en2_diversity,coupling_abs,hybrid,10.0,10.0,,,v214a/results/cr2_12_12_v214a_adaptive_20260510_204116/seg008_to10876/step006_phase0_micro250_r10_to10276/cr2_v1425_final_step006_phase0_micro250_r10_to10276.json,29717.0,active_rotation:c65788197e7dc63e,10176.0,2.8458129004320654,100.0,0.036214690226188395,0.36214690226188395,v21.4a adaptive
10376,2.773657076886593,-2086.648059646988,cr2_v1433_cas12_adaptive_topparent_hybrid,en2_diversity,coupling_abs,hybrid,10.0,10.0,,,v214a/results/cr2_12_12_v214a_adaptive_20260510_204116/seg008_to10876/step007_phase0_micro250_r10_to10376/cr2_v1425_final_step007_phase0_micro250_r10_to10376.json,29717.0,active_rotation:c65788197e7dc63e,10276.0,2.809598210205877,100.0,0.035941133319283836,0.35941133319283836,v21.4a adaptive
10476,2.7368483742975513,-2086.6480964556904,cr2_v1433_cas12_adaptive_topparent_hybrid,en2_diversity,coupling_abs,hybrid,10.0,10.0,,,v214a/results/cr2_12_12_v214a_adaptive_20260510_204116/seg008_to10876/step008_phase0_micro250_r10_to10476/cr2_v1425_final_step008_phase0_micro250_r10_to10476.json,29717.0,active_rotation:c65788197e7dc63e,10376.0,2.773657076886593,100.0,0.036808702589041786,0.36808702589041786,v21.4a adaptive
10576,2.699683718219603,-2086.6481336203465,cr2_v1433_cas12_adaptive_topparent_hybrid,en2_diversity,coupling_abs,hybrid,10.0,10.0,,,v214a/results/cr2_12_12_v214a_adaptive_20260510_204116/seg008_to10876/step009_phase0_micro250_r10_to10576/cr2_v1425_final_step009_phase0_micro250_r10_to10576.json,29717.0,active_rotation:c65788197e7dc63e,10476.0,2.7368483742975513,100.0,0.037164656077948166,0.37164656077948166,v21.4a adaptive
10676,2.664523754901893,-2086.64816878031,cr2_v1433_cas12_adaptive_topparent_hybrid,en2_diversity,coupling_abs,hybrid,10.0,10.0,,,v214a/results/cr2_12_12_v214a_adaptive_20260510_204116/seg008_to10876/step010_phase0_micro250_r10_to10676/cr2_v1425_final_step010_phase0_micro250_r10_to10676.json,29717.0,active_rotation:c65788197e7dc63e,10576.0,2.699683718219603,100.0,0.03515996331771021,0.3515996331771021,v21.4a adaptive
10776,2.631596124956559,-2086.6482017079397,cr2_v1433_cas12_adaptive_topparent_hybrid,en2_diversity,coupling_abs,hybrid,10.0,10.0,,,v214a/results/cr2_12_12_v214a_adaptive_20260510_204116/seg008_to10876/step011_phase0_micro250_r10_to10776/cr2_v1425_final_step011_phase0_micro250_r10_to10776.json,29717.0,active_rotation:c65788197e7dc63e,10676.0,2.664523754901893,100.0,0.03292762994533405,0.32927629945334047,v21.4a adaptive
10876,2.598076088816015,-2086.648235227976,cr2_v1433_cas12_adaptive_topparent_hybrid,en2_diversity,coupling_abs,hybrid,10.0,10.0,,,v214a/results/cr2_12_12_v214a_adaptive_20260510_204116/seg008_to10876/step012_phase0_micro250_r10_to10876/cr2_v1425_final_step012_phase0_micro250_r10_to10876.json,29717.0,active_rotation:c65788197e7dc63e,10776.0,2.631596124956559,100.0,0.03352003614054411,0.33520036140544107,v21.4a adaptive
11376,2.4176007991627557,-2086.6484157032655,cr2_v1433_cas12_adaptive_topparent_hybrid,en2_topk,clipped_abs,hybrid,10.0,10.0,,,v214a/results/cr2_12_12_v214a_adaptive_20260510_204116/seg009_to12876/step000_phase0_micro250_r10_to11376/cr2_v1425_final_step000_phase0_micro250_r10_to11376.json,29717.0,active_rotation:c65788197e7dc63e,10876.0,2.598076088816015,500.0,0.1804752896532591,0.3609505793065182,v21.4a adaptive
11476,2.3864651811891235,-2086.6484468388835,cr2_v1433_cas12_adaptive_topparent_hybrid,en2_diversity,coupling_abs,hybrid,10.0,10.0,,,v214a/results/cr2_12_12_v214a_adaptive_20260510_204116/seg009_to12876/step001_phase0_micro250_r10_to11476/cr2_v1425_final_step001_phase0_micro250_r10_to11476.json,29717.0,active_rotation:c65788197e7dc63e,11376.0,2.4176007991627557,100.0,0.03113561797363218,0.3113561797363218,v21.4a adaptive
11576,2.3594141257490264,-2086.648473889939,cr2_v1433_cas12_adaptive_topparent_hybrid,en2_diversity,coupling_abs,hybrid,10.0,10.0,,,v214a/results/cr2_12_12_v214a_adaptive_20260510_204116/seg009_to12876/step002_phase0_micro250_r10_to11576/cr2_v1425_final_step002_phase0_micro250_r10_to11576.json,29717.0,active_rotation:c65788197e7dc63e,11476.0,2.3864651811891235,100.0,0.027051055440097116,0.27051055440097116,v21.4a adaptive
11676,2.3304635687964037,-2086.648502840496,cr2_v1433_cas12_adaptive_topparent_hybrid,en2_diversity,coupling_abs,hybrid,10.0,10.0,,,v214a/results/cr2_12_12_v214a_adaptive_20260510_204116/seg009_to12876/step003_phase0_micro250_r10_to11676/cr2_v1425_final_step003_phase0_micro250_r10_to11676.json,29717.0,active_rotation:c65788197e7dc63e,11576.0,2.3594141257490264,100.0,0.02895055695262272,0.2895055695262272,v21.4a adaptive
11776,2.30095391816576,-2086.6485323501465,cr2_v1433_cas12_adaptive_topparent_hybrid,en2_diversity,coupling_abs,hybrid,10.0,10.0,,,v214a/results/cr2_12_12_v214a_adaptive_20260510_204116/seg009_to12876/step004_phase0_micro250_r10_to11776/cr2_v1425_final_step004_phase0_micro250_r10_to11776.json,29717.0,active_rotation:c65788197e7dc63e,11676.0,2.3304635687964037,100.0,0.02950965063064359,0.2950965063064359,v21.4a adaptive
11876,2.276152877129789,-2086.6485571511876,cr2_v1433_cas12_adaptive_topparent_hybrid,en2_diversity,coupling_abs,hybrid,10.0,10.0,,,v214a/results/cr2_12_12_v214a_adaptive_20260510_204116/seg009_to12876/step005_phase0_micro250_r10_to11876/cr2_v1425_final_step005_phase0_micro250_r10_to11876.json,29717.0,active_rotation:c65788197e7dc63e,11776.0,2.30095391816576,100.0,0.02480104103597114,0.2480104103597114,v21.4a adaptive
11976,2.2510668632094166,-2086.6485822372015,cr2_v1433_cas12_adaptive_topparent_hybrid,en2_diversity,coupling_abs,hybrid,10.0,10.0,,,v214a/results/cr2_12_12_v214a_adaptive_20260510_204116/seg009_to12876/step006_phase0_micro250_r10_to11976/cr2_v1425_final_step006_phase0_micro250_r10_to11976.json,29717.0,active_rotation:c65788197e7dc63e,11876.0,2.276152877129789,100.0,0.025086013920372352,0.2508601392037235,v21.4a adaptive
12076,2.2267120812102803,-2086.6486065919835,cr2_v1433_cas12_adaptive_topparent_hybrid,en2_diversity,coupling_abs,hybrid,10.0,10.0,,,v214a/results/cr2_12_12_v214a_adaptive_20260510_204116/seg009_to12876/step007_phase0_micro250_r10_to12076/cr2_v1425_final_step007_phase0_micro250_r10_to12076.json,29717.0,active_rotation:c65788197e7dc63e,11976.0,2.2510668632094166,100.0,0.02435478199913632,0.2435478199913632,v21.4a adaptive
2069,110.68581395056754,-2086.540147490114,cr2_v1433_cas12_adaptive_topparent_hybrid,en2_topk,clipped_abs,hybrid,8.0,8.0,,,v1435_no_to24000/04_main_no_to24000/step000_phase0_micro250_r8_to2376/cr2_v1425_final_step000_phase0_micro250_r8_to2376.json,29717.0,active_rotation:c65788197e7dc63e,,,,,,v14.35 / 04_main_no_to24000
2319,54.6778011043898,-2086.5961555029603,cr2_v1433_cas12_adaptive_topparent_hybrid,en2_topk,clipped_abs,hybrid,9.0,9.0,,,v1435_no_to24000/04_main_no_to24000/step001_phase0_micro250_r9_to2319/cr2_v1425_final_step001_phase0_micro250_r9_to2319.json,29717.0,active_rotation:c65788197e7dc63e,2069.0,110.68581395056754,250.0,56.008012846177735,224.03205138471094,v14.35 / 04_main_no_to24000
2376,40.59602120787531,-2086.610237282857,cr2_v1433_cas12_adaptive_topparent_hybrid,en2_topk,clipped_abs,hybrid,9.0,9.0,,,v1435_no_to24000/04_main_no_to24000/step002_phase0_micro250_r9_to2376/cr2_v1425_final_step002_phase0_micro250_r9_to2376.json,29717.0,active_rotation:c65788197e7dc63e,2319.0,54.6778011043898,57.0,14.08177989651449,247.04877011428928,v14.35 / 04_main_no_to24000
2626,31.481709514991962,-2086.6193515945497,cr2_v1433_cas12_adaptive_topparent_hybrid,en2_topk,clipped_abs,hybrid,9.0,9.0,,,v1435_no_to24000/04_main_no_to24000/step003_phase1_early250_r9_to2626/cr2_v1425_final_step003_phase1_early250_r9_to2626.json,29717.0,active_rotation:c65788197e7dc63e,2376.0,40.59602120787531,250.0,9.114311692883348,36.45724677153339,v14.35 / 04_main_no_to24000
2876,24.269812665806967,-2086.626563491399,cr2_v1433_cas12_adaptive_topparent_hybrid,en2_topk,clipped_abs,hybrid,9.0,9.0,,,v1435_no_to24000/04_main_no_to24000/step004_phase1_early250_r9_to2876/cr2_v1425_final_step004_phase1_early250_r9_to2876.json,29717.0,active_rotation:c65788197e7dc63e,2626.0,31.481709514991962,250.0,7.2118968491849955,28.847587396739982,v14.35 / 04_main_no_to24000
3126,20.01582810362379,-2086.630817475961,cr2_v1433_cas12_adaptive_topparent_hybrid,en2_topk,clipped_abs,hybrid,9.0,9.0,,,v1435_no_to24000/04_main_no_to24000/step005_phase1_early250_r9_to3126/cr2_v1425_final_step005_phase1_early250_r9_to3126.json,29717.0,active_rotation:c65788197e7dc63e,2876.0,24.269812665806967,250.0,4.253984562183177,17.01593824873271,v14.35 / 04_main_no_to24000
3376,17.264965106278396,-2086.6335683389584,cr2_v1433_cas12_adaptive_topparent_hybrid,en2_topk,clipped_abs,hybrid,9.0,9.0,,,v1435_no_to24000/04_main_no_to24000/step006_phase1_early250_r9_to3376/cr2_v1425_final_step006_phase1_early250_r9_to3376.json,29717.0,active_rotation:c65788197e7dc63e,3126.0,20.01582810362379,250.0,2.7508629973453935,11.003451989381574,v14.35 / 04_main_no_to24000
3626,15.250995412770862,-2086.635582308652,cr2_v1433_cas12_adaptive_topparent_hybrid,en2_topk,clipped_abs,hybrid,9.0,9.0,,,v1435_no_to24000/04_main_no_to24000/step007_phase1_early250_r9_to3626/cr2_v1425_final_step007_phase1_early250_r9_to3626.json,29717.0,active_rotation:c65788197e7dc63e,3376.0,17.264965106278396,250.0,2.0139696935075335,8.055878774030134,v14.35 / 04_main_no_to24000
3876,13.763296442903084,-2086.637070007622,cr2_v1433_cas12_adaptive_topparent_hybrid,en2_topk,clipped_abs,hybrid,9.0,9.0,,,v1435_no_to24000/04_main_no_to24000/step008_phase1_early250_r9_to3876/cr2_v1425_final_step008_phase1_early250_r9_to3876.json,29717.0,active_rotation:c65788197e7dc63e,3626.0,15.250995412770862,250.0,1.487698969867779,5.950795879471116,v14.35 / 04_main_no_to24000
4126,12.600382260643528,-2086.638232921804,cr2_v1433_cas12_adaptive_topparent_hybrid,en2_topk,clipped_abs,hybrid,9.0,9.0,,,v1435_no_to24000/04_main_no_to24000/step009_phase1_early250_r9_to4126/cr2_v1425_final_step009_phase1_early250_r9_to4126.json,29717.0,active_rotation:c65788197e7dc63e,3876.0,13.763296442903084,250.0,1.1629141822595557,4.651656729038223,v14.35 / 04_main_no_to24000
4376,11.747755568649154,-2086.639085548496,cr2_v1433_cas12_adaptive_topparent_hybrid,en2_topk,clipped_abs,hybrid,9.0,9.0,,,v1435_no_to24000/04_main_no_to24000/step010_phase1_early250_r9_to4376/cr2_v1425_final_step010_phase1_early250_r9_to4376.json,29717.0,active_rotation:c65788197e7dc63e,4126.0,12.600382260643528,250.0,0.8526266919943737,3.4105067679774947,v14.35 / 04_main_no_to24000
4626,10.990117310029746,-2086.6398431867547,cr2_v1433_cas12_adaptive_topparent_hybrid,en2_topk,clipped_abs,hybrid,9.0,9.0,,,v1435_no_to24000/04_main_no_to24000/step011_phase1_early250_r9_to4626/cr2_v1425_final_step011_phase1_early250_r9_to4626.json,29717.0,active_rotation:c65788197e7dc63e,4376.0,11.747755568649154,250.0,0.7576382586194086,3.0305530344776344,v14.35 / 04_main_no_to24000
4876,10.349075122576323,-2086.640484228942,cr2_v1433_cas12_adaptive_topparent_hybrid,en2_topk,clipped_abs,hybrid,9.0,9.0,,,v1435_no_to24000/04_main_no_to24000/step012_phase1_early250_r9_to4876/cr2_v1425_final_step012_phase1_early250_r9_to4876.json,29717.0,active_rotation:c65788197e7dc63e,4626.0,10.990117310029746,250.0,0.6410421874534222,2.564168749813689,v14.35 / 04_main_no_to24000
5126,9.803582226140861,-2086.6410297218385,cr2_v1433_cas12_adaptive_topparent_hybrid,en2_topk,clipped_abs,hybrid,9.0,9.0,,,v1435_no_to24000/04_main_no_to24000/step013_phase1_early250_r9_to5126/cr2_v1425_final_step013_phase1_early250_r9_to5126.json,29717.0,active_rotation:c65788197e7dc63e,4876.0,10.349075122576323,250.0,0.5454928964354622,2.1819715857418487,v14.35 / 04_main_no_to24000
5376,9.315913167938561,-2086.6415173908968,cr2_v1433_cas12_adaptive_topparent_hybrid,en2_topk,clipped_abs,hybrid,9.0,9.0,,,v1435_no_to24000/04_main_no_to24000/step014_phase1_early250_r9_to5376/cr2_v1425_final_step014_phase1_early250_r9_to5376.json,29717.0,active_rotation:c65788197e7dc63e,5126.0,9.803582226140861,250.0,0.4876690582023002,1.9506762328092009,v14.35 / 04_main_no_to24000
5626,8.864951561918133,-2086.6419683525028,cr2_v1433_cas12_adaptive_topparent_hybrid,en2_topk,clipped_abs,hybrid,9.0,9.0,,,v1435_no_to24000/04_main_no_to24000/step015_phase2_mid500_r9_to5626/cr2_v1425_final_step015_phase2_mid500_r9_to5626.json,29717.0,active_rotation:c65788197e7dc63e,5376.0,9.315913167938561,250.0,0.450961606020428,1.803846424081712,v14.35 / 04_main_no_to24000
5876,8.481694979309395,-2086.6423516090854,cr2_v1433_cas12_adaptive_topparent_hybrid,en2_topk,clipped_abs,hybrid,9.0,9.0,,,v1435_no_to24000/04_main_no_to24000/step016_phase2_mid500_r9_to5876/cr2_v1425_final_step016_phase2_mid500_r9_to5876.json,29717.0,active_rotation:c65788197e7dc63e,5626.0,8.864951561918133,250.0,0.3832565826087375,1.53302633043495,v14.35 / 04_main_no_to24000
6126,8.145142057855992,-2086.642688162007,cr2_v1433_cas12_adaptive_topparent_hybrid,en2_topk,clipped_abs,hybrid,9.0,9.0,,,v1435_no_to24000/04_main_no_to24000/step017_phase2_mid500_r9_to6126/cr2_v1425_final_step017_phase2_mid500_r9_to6126.json,29717.0,active_rotation:c65788197e7dc63e,5876.0,8.481694979309395,250.0,0.33655292145340354,1.3462116858136142,v14.35 / 04_main_no_to24000
6376,7.853652270569,-2086.642979651794,cr2_v1433_cas12_adaptive_topparent_hybrid,en2_topk,clipped_abs,hybrid,9.0,9.0,,,v1435_no_to24000/04_main_no_to24000/step018_phase2_mid500_r9_to6376/cr2_v1425_final_step018_phase2_mid500_r9_to6376.json,29717.0,active_rotation:c65788197e7dc63e,6126.0,8.145142057855992,250.0,0.2914897872869915,1.165959149147966,v14.35 / 04_main_no_to24000
6626,7.599173261496617,-2086.643234130803,cr2_v1433_cas12_adaptive_topparent_hybrid,en2_topk,clipped_abs,hybrid,9.0,9.0,,,v1435_no_to24000/04_main_no_to24000/step019_phase2_mid500_r9_to6626/cr2_v1425_final_step019_phase2_mid500_r9_to6626.json,29717.0,active_rotation:c65788197e7dc63e,6376.0,7.853652270569,250.0,0.25447900907238363,1.0179160362895345,v14.35 / 04_main_no_to24000
6876,7.35680731395405,-2086.6434764967507,cr2_v1433_cas12_adaptive_topparent_hybrid,en2_topk,clipped_abs,hybrid,9.0,9.0,,,v1435_no_to24000/04_main_no_to24000/step020_phase2_mid500_r9_to6876/cr2_v1425_final_step020_phase2_mid500_r9_to6876.json,29717.0,active_rotation:c65788197e7dc63e,6626.0,7.599173261496617,250.0,0.24236594754256657,0.9694637901702663,v14.35 / 04_main_no_to24000
7126,7.139102472137893,-2086.6436942015926,cr2_v1433_cas12_adaptive_topparent_hybrid,en2_topk,hybrid,hybrid,9.0,9.0,,,v1435_no_to24000/04_main_no_to24000/step021_phase2_mid500_r9_to7126/cr2_v1425_final_step021_phase2_mid500_r9_to7126.json,29717.0,active_rotation:c65788197e7dc63e,6876.0,7.35680731395405,250.0,0.21770484181615757,0.8708193672646303,v14.35 / 04_main_no_to24000
7376,6.927762230134249,-2086.6439055418346,cr2_v1433_cas12_adaptive_topparent_hybrid,en2_topk,hybrid,hybrid,9.0,9.0,,,v1435_no_to24000/04_main_no_to24000/step022_phase2_mid500_r9_to7376/cr2_v1425_final_step022_phase2_mid500_r9_to7376.json,29717.0,active_rotation:c65788197e7dc63e,7126.0,7.139102472137893,250.0,0.21134024200364365,0.8453609680145746,v14.35 / 04_main_no_to24000
7626,6.744579146015894,-2086.6440887249187,cr2_v1433_cas12_adaptive_topparent_hybrid,en2_topk,hybrid,hybrid,9.0,9.0,,,v1435_no_to24000/04_main_no_to24000/step023_phase2_mid500_r9_to7626/cr2_v1425_final_step023_phase2_mid500_r9_to7626.json,29717.0,active_rotation:c65788197e7dc63e,7376.0,6.927762230134249,250.0,0.1831830841183546,0.7327323364734184,v14.35 / 04_main_no_to24000
7876,6.5780692912085215,-2086.6442552347735,cr2_v1433_cas12_adaptive_topparent_hybrid,en2_topk,hybrid,hybrid,9.0,9.0,,,v1435_no_to24000/04_main_no_to24000/step024_phase2_mid500_r9_to7876/cr2_v1425_final_step024_phase2_mid500_r9_to7876.json,29717.0,active_rotation:c65788197e7dc63e,7626.0,6.744579146015894,250.0,0.1665098548073729,0.6660394192294916,v14.35 / 04_main_no_to24000
8126,6.420965724373673,-2086.6444123383403,cr2_v1433_cas12_adaptive_topparent_hybrid,en2_topk,hybrid,hybrid,9.0,9.0,,,v1435_no_to24000/04_main_no_to24000/step025_phase2_mid500_r9_to8126/cr2_v1425_final_step025_phase2_mid500_r9_to8126.json,29717.0,active_rotation:c65788197e7dc63e,7876.0,6.5780692912085215,250.0,0.1571035668348486,0.6284142673393944,v14.35 / 04_main_no_to24000
8376,6.273168273764895,-2086.644560135791,cr2_v1433_cas12_adaptive_topparent_hybrid,en2_topk,hybrid,hybrid,9.0,9.0,,,v1435_no_to24000/04_main_no_to24000/step026_phase2_mid500_r9_to8376/cr2_v1425_final_step026_phase2_mid500_r9_to8376.json,29717.0,active_rotation:c65788197e7dc63e,8126.0,6.420965724373673,250.0,0.14779745060877758,0.5911898024351103,v14.35 / 04_main_no_to24000
8626,6.138779906450509,-2086.6446945241582,cr2_v1433_cas12_adaptive_topparent_hybrid,en2_topk,hybrid,hybrid,9.0,9.0,,,v1435_no_to24000/04_main_no_to24000/step027_phase2_mid500_r9_to8626/cr2_v1425_final_step027_phase2_mid500_r9_to8626.json,29717.0,active_rotation:c65788197e7dc63e,8376.0,6.273168273764895,250.0,0.13438836731438641,0.5375534692575457,v14.35 / 04_main_no_to24000
8876,6.009247756082914,-2086.6448240563086,cr2_v1433_cas12_adaptive_topparent_hybrid,en2_topk,hybrid,hybrid,9.0,9.0,,,v1435_no_to24000/04_main_no_to24000/step028_phase2_mid500_r9_to8876/cr2_v1425_final_step028_phase2_mid500_r9_to8876.json,29717.0,active_rotation:c65788197e7dc63e,8626.0,6.138779906450509,250.0,0.12953215036759502,0.5181286014703801,v14.35 / 04_main_no_to24000
9126,5.885794700589031,-2086.644947509364,cr2_v1433_cas12_adaptive_topparent_hybrid,en2_topk,hybrid,hybrid,9.0,9.0,,,v1435_no_to24000/04_main_no_to24000/step029_phase2_mid500_r9_to9126/cr2_v1425_final_step029_phase2_mid500_r9_to9126.json,29717.0,active_rotation:c65788197e7dc63e,8876.0,6.009247756082914,250.0,0.12345305549388286,0.49381222197553143,v14.35 / 04_main_no_to24000
9376,5.77638945014769,-2086.6450569146145,cr2_v1433_cas12_adaptive_topparent_hybrid,en2_topk,hybrid,hybrid,9.0,9.0,,,v1435_no_to24000/04_main_no_to24000/step030_phase2_mid500_r9_to9376/cr2_v1425_final_step030_phase2_mid500_r9_to9376.json,29717.0,active_rotation:c65788197e7dc63e,9126.0,5.885794700589031,250.0,0.1094052504413412,0.4376210017653648,v14.35 / 04_main_no_to24000
9476,5.738002191264968,-2086.6450953018734,cr2_v1433_cas12_adaptive_topparent_hybrid,en2_diversity,coupling_abs,hybrid,9.0,9.0,,,v1435_no_to24000/04_main_no_to24000/step031_phase2_mid500_r9_to9476/cr2_v1425_final_step031_phase2_mid500_r9_to9476.json,29717.0,active_rotation:c65788197e7dc63e,9376.0,5.77638945014769,100.0,0.03838725888272165,0.38387258882721653,v14.35 / 04_main_no_to24000
9576,5.700749754396384,-2086.6451325543103,cr2_v1433_cas12_adaptive_topparent_hybrid,en2_diversity,coupling_abs,hybrid,9.0,9.0,,,v1435_no_to24000/04_main_no_to24000/step032_phase2_mid500_r9_to9576/cr2_v1425_final_step032_phase2_mid500_r9_to9576.json,29717.0,active_rotation:c65788197e7dc63e,9476.0,5.738002191264968,100.0,0.03725243686858448,0.3725243686858448,v14.35 / 04_main_no_to24000
9676,5.65892050462935,-2086.64517438356,cr2_v1433_cas12_adaptive_topparent_hybrid,en2_diversity,coupling_abs,hybrid,9.0,9.0,,,v1435_no_to24000/04_main_no_to24000/step033_phase2_mid500_r9_to9676/cr2_v1425_final_step033_phase2_mid500_r9_to9676.json,29717.0,active_rotation:c65788197e7dc63e,9576.0,5.700749754396384,100.0,0.041829249767033616,0.41829249767033616,v14.35 / 04_main_no_to24000
9776,5.619879745609069,-2086.645213424319,cr2_v1433_cas12_adaptive_topparent_hybrid,en2_diversity,coupling_abs,hybrid,9.0,9.0,,,v1435_no_to24000/04_main_no_to24000/step034_phase2_mid500_r9_to9776/cr2_v1425_final_step034_phase2_mid500_r9_to9776.json,29717.0,active_rotation:c65788197e7dc63e,9676.0,5.65892050462935,100.0,0.03904075902028126,0.39040759020281257,v14.35 / 04_main_no_to24000
9876,5.58611613132598,-2086.6452471879334,cr2_v1433_cas12_adaptive_topparent_hybrid,en2_diversity,coupling_abs,hybrid,9.0,9.0,,,v1435_no_to24000/04_main_no_to24000/step035_phase2_mid500_r9_to9876/cr2_v1425_final_step035_phase2_mid500_r9_to9876.json,29717.0,active_rotation:c65788197e7dc63e,9776.0,5.619879745609069,100.0,0.03376361428308883,0.3376361428308883,v14.35 / 04_main_no_to24000
9976,5.549536389480636,-2086.645283767675,cr2_v1433_cas12_adaptive_topparent_hybrid,en2_diversity,coupling_abs,hybrid,9.0,9.0,,,v1435_no_to24000/04_main_no_to24000/step036_phase2_mid500_r9_to9976/cr2_v1425_final_step036_phase2_mid500_r9_to9976.json,29717.0,active_rotation:c65788197e7dc63e,9876.0,5.58611613132598,100.0,0.03657974184534396,0.3657974184534396,v14.35 / 04_main_no_to24000
10076,5.512577765330207,-2086.6453207262994,cr2_v1433_cas12_adaptive_topparent_hybrid,en2_diversity,coupling_abs,hybrid,9.0,9.0,,,v1435_no_to24000/04_main_no_to24000/step037_phase2_mid500_r9_to10076/cr2_v1425_final_step037_phase2_mid500_r9_to10076.json,29717.0,active_rotation:c65788197e7dc63e,9976.0,5.549536389480636,100.0,0.03695862415042939,0.36958624150429387,v14.35 / 04_main_no_to24000
10176,5.4748479865338595,-2086.645358456078,cr2_v1433_cas12_adaptive_topparent_hybrid,en2_diversity,coupling_abs,hybrid,9.0,9.0,,,v1435_no_to24000/04_main_no_to24000/step038_phase2_mid500_r9_to10176/cr2_v1425_final_step038_phase2_mid500_r9_to10176.json,29717.0,active_rotation:c65788197e7dc63e,10076.0,5.512577765330207,100.0,0.03772977879634709,0.3772977879634709,v14.35 / 04_main_no_to24000
10276,5.439223375560687,-2086.645394080689,cr2_v1433_cas12_adaptive_topparent_hybrid,en2_diversity,coupling_abs,hybrid,9.0,9.0,,,v1435_no_to24000/04_main_no_to24000/step039_phase2_mid500_r9_to10276/cr2_v1425_final_step039_phase2_mid500_r9_to10276.json,29717.0,active_rotation:c65788197e7dc63e,10176.0,5.4748479865338595,100.0,0.03562461097317282,0.3562461097317282,v14.35 / 04_main_no_to24000
10376,5.406806744758796,-2086.64542649732,cr2_v1433_cas12_adaptive_topparent_hybrid,en2_diversity,coupling_abs,hybrid,9.0,9.0,,,v1435_no_to24000/04_main_no_to24000/step040_phase2_mid500_r9_to10376/cr2_v1425_final_step040_phase2_mid500_r9_to10376.json,29717.0,active_rotation:c65788197e7dc63e,10276.0,5.439223375560687,100.0,0.03241663080189028,0.3241663080189028,v14.35 / 04_main_no_to24000
10476,5.374810789362527,-2086.6454584932753,cr2_v1433_cas12_adaptive_topparent_hybrid,en2_diversity,coupling_abs,hybrid,9.0,9.0,,,v1435_no_to24000/04_main_no_to24000/step041_phase2_mid500_r9_to10476/cr2_v1425_final_step041_phase2_mid500_r9_to10476.json,29717.0,active_rotation:c65788197e7dc63e,10376.0,5.406806744758796,100.0,0.03199595539626898,0.3199595539626898,v14.35 / 04_main_no_to24000
10576,5.342817716154968,-2086.6454904863485,cr2_v1433_cas12_adaptive_topparent_hybrid,en2_diversity,coupling_abs,hybrid,9.0,9.0,,,v1435_no_to24000/04_main_no_to24000/step042_phase2_mid500_r9_to10576/cr2_v1425_final_step042_phase2_mid500_r9_to10576.json,29717.0,active_rotation:c65788197e7dc63e,10476.0,5.374810789362527,100.0,0.031993073207559064,0.31993073207559064,v14.35 / 04_main_no_to24000
10676,5.310126716267405,-2086.6455231773484,cr2_v1433_cas12_adaptive_topparent_hybrid,en2_diversity,coupling_abs,hybrid,9.0,9.0,,,v1435_no_to24000/04_main_no_to24000/step043_phase2_mid500_r9_to10676/cr2_v1425_final_step043_phase2_mid500_r9_to10676.json,29717.0,active_rotation:c65788197e7dc63e,10576.0,5.342817716154968,100.0,0.03269099988756352,0.3269099988756352,v14.35 / 04_main_no_to24000
10776,5.277353979636246,-2086.645555950085,cr2_v1433_cas12_adaptive_topparent_hybrid,en2_diversity,coupling_abs,hybrid,9.0,9.0,,,v1435_no_to24000/04_main_no_to24000/step044_phase2_mid500_r9_to10776/cr2_v1425_final_step044_phase2_mid500_r9_to10776.json,29717.0,active_rotation:c65788197e7dc63e,10676.0,5.310126716267405,100.0,0.032772736631159205,0.32772736631159205,v14.35 / 04_main_no_to24000
10876,5.247035628599406,-2086.645586268436,cr2_v1433_cas12_adaptive_topparent_hybrid,en2_diversity,coupling_abs,hybrid,9.0,9.0,,,v1435_no_to24000/04_main_no_to24000/step045_phase2_mid500_r9_to10876/cr2_v1425_final_step045_phase2_mid500_r9_to10876.json,29717.0,active_rotation:c65788197e7dc63e,10776.0,5.277353979636246,100.0,0.030318351036839886,0.30318351036839886,v14.35 / 04_main_no_to24000
10976,5.215771271650738,-2086.645617532793,cr2_v1433_cas12_adaptive_topparent_hybrid,en2_diversity,coupling_abs,hybrid,9.0,9.0,,,v1435_no_to24000/04_main_no_to24000/step046_phase2_mid500_r9_to10976/cr2_v1425_final_step046_phase2_mid500_r9_to10976.json,29717.0,active_rotation:c65788197e7dc63e,10876.0,5.247035628599406,100.0,0.03126435694866814,0.31264356948668137,v14.35 / 04_main_no_to24000
11076,5.185921077554667,-2086.645647382987,cr2_v1433_cas12_adaptive_topparent_hybrid,en2_diversity,coupling_abs,hybrid,9.0,9.0,,,v1435_no_to24000/04_main_no_to24000/step047_phase2_mid500_r9_to11076/cr2_v1425_final_step047_phase2_mid500_r9_to11076.json,29717.0,active_rotation:c65788197e7dc63e,10976.0,5.215771271650738,100.0,0.02985019409607048,0.2985019409607048,v14.35 / 04_main_no_to24000
11176,5.154900502475357,-2086.645678403562,cr2_v1433_cas12_adaptive_topparent_hybrid,en2_diversity,coupling_abs,hybrid,9.0,9.0,,,v1435_no_to24000/04_main_no_to24000/step048_phase2_mid500_r9_to11176/cr2_v1425_final_step048_phase2_mid500_r9_to11176.json,29717.0,active_rotation:c65788197e7dc63e,11076.0,5.185921077554667,100.0,0.03102057507931022,0.3102057507931022,v14.35 / 04_main_no_to24000
11276,5.127251748035633,-2086.6457060523167,cr2_v1433_cas12_adaptive_topparent_hybrid,en2_diversity,coupling_abs,hybrid,9.0,9.0,,,v1435_no_to24000/04_main_no_to24000/step049_phase2_mid500_r9_to11276/cr2_v1425_final_step049_phase2_mid500_r9_to11276.json,29717.0,active_rotation:c65788197e7dc63e,11176.0,5.154900502475357,100.0,0.027648754439724144,0.27648754439724144,v14.35 / 04_main_no_to24000
11376,5.0995406922993425,-2086.6457337633724,cr2_v1433_cas12_adaptive_topparent_hybrid,en2_diversity,coupling_abs,hybrid,9.0,9.0,,,v1435_no_to24000/04_main_no_to24000/step050_phase2_mid500_r9_to11376/cr2_v1425_final_step050_phase2_mid500_r9_to11376.json,29717.0,active_rotation:c65788197e7dc63e,11276.0,5.127251748035633,100.0,0.02771105573629029,0.2771105573629029,v14.35 / 04_main_no_to24000
11476,5.07350611678703,-2086.645759797948,cr2_v1433_cas12_adaptive_topparent_hybrid,en2_diversity,coupling_abs,hybrid,9.0,9.0,,,v1435_no_to24000/04_main_no_to24000/step051_phase2_mid500_r9_to11476/cr2_v1425_final_step051_phase2_mid500_r9_to11476.json,29717.0,active_rotation:c65788197e7dc63e,11376.0,5.0995406922993425,100.0,0.026034575512312585,0.26034575512312585,v14.35 / 04_main_no_to24000
11576,5.04520771710304,-2086.6457880963476,cr2_v1433_cas12_adaptive_topparent_hybrid,en2_diversity,coupling_abs,hybrid,9.0,9.0,,,v1435_no_to24000/04_main_no_to24000/step052_phase2_mid500_r9_to11576/cr2_v1425_final_step052_phase2_mid500_r9_to11576.json,29717.0,active_rotation:c65788197e7dc63e,11476.0,5.07350611678703,100.0,0.028298399683990283,0.28298399683990283,v14.35 / 04_main_no_to24000
11676,5.017329693600914,-2086.645815974371,cr2_v1433_cas12_adaptive_topparent_hybrid,en2_diversity,coupling_abs,hybrid,9.0,9.0,,,v1435_no_to24000/04_main_no_to24000/step053_phase2_mid500_r9_to11676/cr2_v1425_final_step053_phase2_mid500_r9_to11676.json,29717.0,active_rotation:c65788197e7dc63e,11576.0,5.04520771710304,100.0,0.02787802350212587,0.2787802350212587,v14.35 / 04_main_no_to24000
11776,4.989909683445148,-2086.6458433943812,cr2_v1433_cas12_adaptive_topparent_hybrid,en2_diversity,coupling_abs,hybrid,9.0,9.0,,,v1435_no_to24000/04_main_no_to24000/step054_phase2_mid500_r9_to11776/cr2_v1425_final_step054_phase2_mid500_r9_to11776.json,29717.0,active_rotation:c65788197e7dc63e,11676.0,5.017329693600914,100.0,0.02742001015576534,0.2742001015576534,v14.35 / 04_main_no_to24000
11876,4.96492229967771,-2086.645868381765,cr2_v1433_cas12_adaptive_topparent_hybrid,en2_diversity,coupling_abs,hybrid,9.0,9.0,,,v1435_no_to24000/04_main_no_to24000/step055_phase2_mid500_r9_to11876/cr2_v1425_final_step055_phase2_mid500_r9_to11876.json,29717.0,active_rotation:c65788197e7dc63e,11776.0,4.989909683445148,100.0,0.024987383767438587,0.24987383767438587,v14.35 / 04_main_no_to24000
11976,4.941785659411835,-2086.6458915184053,cr2_v1433_cas12_adaptive_topparent_hybrid,en2_diversity,coupling_abs,hybrid,9.0,9.0,,,v1435_no_to24000/04_main_no_to24000/step056_phase2_mid500_r9_to11976/cr2_v1425_final_step056_phase2_mid500_r9_to11976.json,29717.0,active_rotation:c65788197e7dc63e,11876.0,4.96492229967771,100.0,0.02313664026587503,0.2313664026587503,v14.35 / 04_main_no_to24000
12076,4.918190693388169,-2086.6459151133713,cr2_v1433_cas12_adaptive_topparent_hybrid,en2_diversity,coupling_abs,hybrid,9.0,9.0,,,v1435_no_to24000/04_main_no_to24000/step057_phase2_mid500_r9_to12076/cr2_v1425_final_step057_phase2_mid500_r9_to12076.json,29717.0,active_rotation:c65788197e7dc63e,11976.0,4.941785659411835,100.0,0.02359496602366562,0.2359496602366562,v14.35 / 04_main_no_to24000
12176,2.307144066435285,-2086.6485261599983,cr2_v1433_cas12_adaptive_topparent_hybrid,en2_diversity,coupling_abs,hybrid,10.0,10.0,,,v1435_no_to24000/04_main_no_to24000/step058_phase2_mid500_r10_to12176/cr2_v1425_final_step058_phase2_mid500_r10_to12176.json,29717.0,active_rotation:c65788197e7dc63e,12076.0,4.918190693388169,100.0,2.6110466269528843,26.110466269528843,v14.35 / 04_main_no_to24000
12426,2.133584920557041,-2086.648699719144,cr2_v1433_cas12_adaptive_topparent_hybrid,en2_topk,clipped_abs,hybrid,10.0,10.0,,,v1435_no_to24000/04_main_no_to24000/step059_phase2_mid500_r10_to12426/cr2_v1425_final_step059_phase2_mid500_r10_to12426.json,29717.0,active_rotation:c65788197e7dc63e,12176.0,2.307144066435285,250.0,0.17355914587824373,0.6942365835129749,v14.35 / 04_main_no_to24000
12676,2.070229203127383,-2086.6487630748616,cr2_v1433_cas12_adaptive_topparent_hybrid,en2_topk,hybrid,hybrid,10.0,10.0,,,v1435_no_to24000/04_main_no_to24000/step060_phase2_mid500_r10_to12676/cr2_v1425_final_step060_phase2_mid500_r10_to12676.json,29717.0,active_rotation:c65788197e7dc63e,12426.0,2.133584920557041,250.0,0.0633557174296584,0.2534228697186336,v14.35 / 04_main_no_to24000
12776,2.0502366623986745,-2086.6487830674023,cr2_v1433_cas12_adaptive_topparent_hybrid,en2_diversity,coupling_abs,hybrid,10.0,10.0,,,v1435_no_to24000/04_main_no_to24000/step061_phase2_mid500_r10_to12776/cr2_v1425_final_step061_phase2_mid500_r10_to12776.json,29717.0,active_rotation:c65788197e7dc63e,12676.0,2.070229203127383,100.0,0.019992540728708263,0.19992540728708263,v14.35 / 04_main_no_to24000
12876,2.0305896200625284,-2086.6488027144446,cr2_v1433_cas12_adaptive_topparent_hybrid,en2_diversity,coupling_abs,hybrid,10.0,10.0,,,v1435_no_to24000/04_main_no_to24000/step062_phase2_mid500_r10_to12876/cr2_v1425_final_step062_phase2_mid500_r10_to12876.json,29717.0,active_rotation:c65788197e7dc63e,12776.0,2.0502366623986745,100.0,0.019647042336146114,0.19647042336146114,v14.35 / 04_main_no_to24000
12976,2.011082034186984,-2086.6488222220305,cr2_v1433_cas12_adaptive_topparent_hybrid,en2_diversity,coupling_abs,hybrid,10.0,10.0,,,v1435_no_to24000/04_main_no_to24000/step063_phase2_mid500_r10_to12976/cr2_v1425_final_step063_phase2_mid500_r10_to12976.json,29717.0,active_rotation:c65788197e7dc63e,12876.0,2.0305896200625284,100.0,0.019507585875544464,0.19507585875544464,v14.35 / 04_main_no_to24000
13076,1.9920311701753235,-2086.6488412728945,cr2_v1433_cas12_adaptive_topparent_hybrid,en2_diversity,coupling_abs,hybrid,10.0,10.0,,,v1435_no_to24000/04_main_no_to24000/step064_phase2_mid500_r10_to13076/cr2_v1425_final_step064_phase2_mid500_r10_to13076.json,29717.0,active_rotation:c65788197e7dc63e,12976.0,2.011082034186984,100.0,0.01905086401166045,0.1905086401166045,v14.35 / 04_main_no_to24000
13176,1.973108093807241,-2086.648860195971,cr2_v1433_cas12_adaptive_topparent_hybrid,en2_diversity,coupling_abs,hybrid,10.0,10.0,,,v1435_no_to24000/04_main_no_to24000/step065_phase2_mid500_r10_to13176/cr2_v1425_final_step065_phase2_mid500_r10_to13176.json,29717.0,active_rotation:c65788197e7dc63e,13076.0,1.9920311701753235,100.0,0.018923076368082548,0.18923076368082548,v14.35 / 04_main_no_to24000
13276,1.9540110338311933,-2086.648879293031,cr2_v1433_cas12_adaptive_topparent_hybrid,en2_diversity,coupling_abs,hybrid,10.0,10.0,,,v1435_no_to24000/04_main_no_to24000/step066_phase2_mid500_r10_to13276/cr2_v1425_final_step066_phase2_mid500_r10_to13276.json,29717.0,active_rotation:c65788197e7dc63e,13176.0,1.973108093807241,100.0,0.019097059976047603,0.19097059976047603,v14.35 / 04_main_no_to24000
13376,1.935739808686776,-2086.648897564256,cr2_v1433_cas12_adaptive_topparent_hybrid,en2_diversity,coupling_abs,hybrid,10.0,10.0,,,v1435_no_to24000/04_main_no_to24000/step067_phase2_mid500_r10_to13376/cr2_v1425_final_step067_phase2_mid500_r10_to13376.json,29717.0,active_rotation:c65788197e7dc63e,13276.0,1.9540110338311933,100.0,0.018271225144417258,0.18271225144417258,v14.35 / 04_main_no_to24000
13476,1.919285760322964,-2086.6489140183044,cr2_v1433_cas12_adaptive_topparent_hybrid,en2_diversity,coupling_abs,hybrid,10.0,10.0,,,v1435_no_to24000/04_main_no_to24000/step068_phase2_mid500_r10_to13476/cr2_v1425_final_step068_phase2_mid500_r10_to13476.json,29717.0,active_rotation:c65788197e7dc63e,13376.0,1.935739808686776,100.0,0.016454048363812035,0.16454048363812035,v14.35 / 04_main_no_to24000
13576,1.901495483252802,-2086.6489318085814,cr2_v1433_cas12_adaptive_topparent_hybrid,en2_diversity,coupling_abs,hybrid,10.0,10.0,,,v1435_no_to24000/04_main_no_to24000/step069_phase2_mid500_r10_to13576/cr2_v1425_final_step069_phase2_mid500_r10_to13576.json,29717.0,active_rotation:c65788197e7dc63e,13476.0,1.919285760322964,100.0,0.01779027707016212,0.1779027707016212,v14.35 / 04_main_no_to24000
13676,1.8834485276784108,-2086.648949855537,cr2_v1433_cas12_adaptive_topparent_hybrid,en2_diversity,coupling_abs,hybrid,10.0,10.0,,,v1435_no_to24000/04_main_no_to24000/step070_phase2_mid500_r10_to13676/cr2_v1425_final_step070_phase2_mid500_r10_to13676.json,29717.0,active_rotation:c65788197e7dc63e,13576.0,1.901495483252802,100.0,0.018046955574391177,0.18046955574391177,v14.35 / 04_main_no_to24000
13776,1.8654736159078311,-2086.648967830449,cr2_v1433_cas12_adaptive_topparent_hybrid,en2_diversity,coupling_abs,hybrid,10.0,10.0,,,v1435_no_to24000/04_main_no_to24000/step071_phase2_mid500_r10_to13776/cr2_v1425_final_step071_phase2_mid500_r10_to13776.json,29717.0,active_rotation:c65788197e7dc63e,13676.0,1.8834485276784108,100.0,0.017974911770579638,0.17974911770579638,v14.35 / 04_main_no_to24000
13876,1.8471229823262547,-2086.6489861810824,cr2_v1433_cas12_adaptive_topparent_hybrid,en2_diversity,coupling_abs,hybrid,10.0,10.0,,,v1435_no_to24000/04_main_no_to24000/step072_phase2_mid500_r10_to13876/cr2_v1425_final_step072_phase2_mid500_r10_to13876.json,29717.0,active_rotation:c65788197e7dc63e,13776.0,1.8654736159078311,100.0,0.018350633581576403,0.18350633581576403,v14.35 / 04_main_no_to24000
13976,1.829656813697511,-2086.649003647251,cr2_v1433_cas12_adaptive_topparent_hybrid,en2_diversity,coupling_abs,hybrid,10.0,10.0,,,v1435_no_to24000/04_main_no_to24000/step073_phase2_mid500_r10_to13976/cr2_v1425_final_step073_phase2_mid500_r10_to13976.json,29717.0,active_rotation:c65788197e7dc63e,13876.0,1.8471229823262547,100.0,0.017466168628743617,0.17466168628743617,v14.35 / 04_main_no_to24000
14076,1.8130720363842556,-2086.6490202320283,cr2_v1433_cas12_adaptive_topparent_hybrid,en2_diversity,coupling_abs,hybrid,10.0,10.0,,,v1435_no_to24000/04_main_no_to24000/step074_phase2_mid500_r10_to14076/cr2_v1425_final_step074_phase2_mid500_r10_to14076.json,29717.0,active_rotation:c65788197e7dc63e,13976.0,1.829656813697511,100.0,0.016584777313255472,0.16584777313255472,v14.35 / 04_main_no_to24000
14176,1.7959267311198346,-2086.6490373773336,cr2_v1433_cas12_adaptive_topparent_hybrid,en2_diversity,coupling_abs,hybrid,10.0,10.0,,,v1435_no_to24000/04_main_no_to24000/step075_phase2_mid500_r10_to14176/cr2_v1425_final_step075_phase2_mid500_r10_to14176.json,29717.0,active_rotation:c65788197e7dc63e,14076.0,1.8130720363842556,100.0,0.01714530526442104,0.1714530526442104,v14.35 / 04_main_no_to24000
14276,1.777895293344045,-2086.6490554087713,cr2_v1433_cas12_adaptive_topparent_hybrid,en2_diversity,coupling_abs,hybrid,10.0,10.0,,,v1435_no_to24000/04_main_no_to24000/step076_phase2_mid500_r10_to14276/cr2_v1425_final_step076_phase2_mid500_r10_to14276.json,29717.0,active_rotation:c65788197e7dc63e,14176.0,1.7959267311198346,100.0,0.018031437775789527,0.18031437775789527,v14.35 / 04_main_no_to24000
20500,187.74210595984187,-2086.463091198105,cr2_v1433_cas12_adaptive_topparent_hybrid,en2_topk,clipped_abs,hybrid,10.0,10.0,,,v213/results/cr2_12_12_v213_restart_20k_to_0p5_20260514_072249/step000_v213_r10_to20500/cr2_v1425_final_step000_v213_r10_to20500.json,29709.0,none,,,,,,failed 20k->20.5k no-CASSCF
